<?xml version="1.0" ?>
<FlowMonitor>
  <FlowStats>
    <Flow flowId="1" timeFirstTxPacket="+100000000.0ns" timeFirstRxPacket="+105151038.0ns" timeLastTxPacket="+60035670764.0ns" timeLastRxPacket="+60099409643.0ns" delaySum="+2234319700135.0ns" jitterSum="+39409098679.0ns" lastDelay="+68884479.0ns" txBytes="42960632" rxBytes="42931176" txPackets="40839" rxPackets="40811" lostPackets="21" timesForwarded="40811">
      <packetsDropped reasonCode="0" number="0" />
      <packetsDropped reasonCode="1" number="0" />
      <packetsDropped reasonCode="2" number="0" />
      <packetsDropped reasonCode="3" number="0" />
      <packetsDropped reasonCode="4" number="21" />
      <bytesDropped reasonCode="0" bytes="0" />
      <bytesDropped reasonCode="1" bytes="0" />
      <bytesDropped reasonCode="2" bytes="0" />
      <bytesDropped reasonCode="3" bytes="0" />
      <bytesDropped reasonCode="4" bytes="22092" />
      <delayHistogram nBins="106" >
        <bin index="5" start="0.005" width="0.001" count="2" />
        <bin index="6" start="0.006" width="0.001" count="677" />
        <bin index="7" start="0.007" width="0.001" count="308" />
        <bin index="8" start="0.008" width="0.001" count="306" />
        <bin index="9" start="0.009" width="0.001" count="292" />
        <bin index="10" start="0.01" width="0.001" count="453" />
        <bin index="11" start="0.011" width="0.001" count="364" />
        <bin index="12" start="0.012" width="0.001" count="312" />
        <bin index="13" start="0.013" width="0.001" count="309" />
        <bin index="14" start="0.014" width="0.001" count="345" />
        <bin index="15" start="0.015" width="0.001" count="510" />
        <bin index="16" start="0.016" width="0.001" count="322" />
        <bin index="17" start="0.017" width="0.001" count="332" />
        <bin index="18" start="0.018" width="0.001" count="326" />
        <bin index="19" start="0.019" width="0.001" count="341" />
        <bin index="20" start="0.02" width="0.001" count="470" />
        <bin index="21" start="0.021" width="0.001" count="339" />
        <bin index="22" start="0.022" width="0.001" count="336" />
        <bin index="23" start="0.023" width="0.001" count="356" />
        <bin index="24" start="0.024" width="0.001" count="482" />
        <bin index="25" start="0.025" width="0.001" count="351" />
        <bin index="26" start="0.026" width="0.001" count="370" />
        <bin index="27" start="0.027" width="0.001" count="352" />
        <bin index="28" start="0.028" width="0.001" count="354" />
        <bin index="29" start="0.029" width="0.001" count="433" />
        <bin index="30" start="0.03" width="0.001" count="310" />
        <bin index="31" start="0.031" width="0.001" count="305" />
        <bin index="32" start="0.032" width="0.001" count="301" />
        <bin index="33" start="0.033" width="0.001" count="354" />
        <bin index="34" start="0.034" width="0.001" count="367" />
        <bin index="35" start="0.035" width="0.001" count="287" />
        <bin index="36" start="0.036" width="0.001" count="274" />
        <bin index="37" start="0.037" width="0.001" count="313" />
        <bin index="38" start="0.038" width="0.001" count="347" />
        <bin index="39" start="0.039" width="0.001" count="261" />
        <bin index="40" start="0.04" width="0.001" count="293" />
        <bin index="41" start="0.041" width="0.001" count="268" />
        <bin index="42" start="0.042" width="0.001" count="438" />
        <bin index="43" start="0.043" width="0.001" count="423" />
        <bin index="44" start="0.044" width="0.001" count="375" />
        <bin index="45" start="0.045" width="0.001" count="301" />
        <bin index="46" start="0.046" width="0.001" count="226" />
        <bin index="47" start="0.047" width="0.001" count="341" />
        <bin index="48" start="0.048" width="0.001" count="442" />
        <bin index="49" start="0.049" width="0.001" count="625" />
        <bin index="50" start="0.05" width="0.001" count="759" />
        <bin index="51" start="0.051" width="0.001" count="771" />
        <bin index="52" start="0.052" width="0.001" count="731" />
        <bin index="53" start="0.053" width="0.001" count="1287" />
        <bin index="54" start="0.054" width="0.001" count="742" />
        <bin index="55" start="0.055" width="0.001" count="656" />
        <bin index="56" start="0.056" width="0.001" count="440" />
        <bin index="57" start="0.057" width="0.001" count="347" />
        <bin index="58" start="0.058" width="0.001" count="776" />
        <bin index="59" start="0.059" width="0.001" count="521" />
        <bin index="60" start="0.06" width="0.001" count="593" />
        <bin index="61" start="0.061" width="0.001" count="537" />
        <bin index="62" start="0.062" width="0.001" count="582" />
        <bin index="63" start="0.063" width="0.001" count="530" />
        <bin index="64" start="0.064" width="0.001" count="527" />
        <bin index="65" start="0.065" width="0.001" count="627" />
        <bin index="66" start="0.066" width="0.001" count="526" />
        <bin index="67" start="0.067" width="0.001" count="680" />
        <bin index="68" start="0.068" width="0.001" count="555" />
        <bin index="69" start="0.069" width="0.001" count="751" />
        <bin index="70" start="0.07" width="0.001" count="558" />
        <bin index="71" start="0.071" width="0.001" count="537" />
        <bin index="72" start="0.072" width="0.001" count="457" />
        <bin index="73" start="0.073" width="0.001" count="405" />
        <bin index="74" start="0.074" width="0.001" count="614" />
        <bin index="75" start="0.075" width="0.001" count="360" />
        <bin index="76" start="0.076" width="0.001" count="379" />
        <bin index="77" start="0.077" width="0.001" count="332" />
        <bin index="78" start="0.078" width="0.001" count="239" />
        <bin index="79" start="0.079" width="0.001" count="223" />
        <bin index="80" start="0.08" width="0.001" count="781" />
        <bin index="81" start="0.081" width="0.001" count="407" />
        <bin index="82" start="0.082" width="0.001" count="331" />
        <bin index="83" start="0.083" width="0.001" count="351" />
        <bin index="84" start="0.084" width="0.001" count="435" />
        <bin index="85" start="0.085" width="0.001" count="390" />
        <bin index="86" start="0.086" width="0.001" count="291" />
        <bin index="87" start="0.087" width="0.001" count="272" />
        <bin index="88" start="0.088" width="0.001" count="219" />
        <bin index="89" start="0.089" width="0.001" count="212" />
        <bin index="90" start="0.09" width="0.001" count="405" />
        <bin index="91" start="0.091" width="0.001" count="529" />
        <bin index="92" start="0.092" width="0.001" count="308" />
        <bin index="93" start="0.093" width="0.001" count="270" />
        <bin index="94" start="0.094" width="0.001" count="133" />
        <bin index="95" start="0.095" width="0.001" count="90" />
        <bin index="96" start="0.096" width="0.001" count="45" />
        <bin index="97" start="0.097" width="0.001" count="61" />
        <bin index="98" start="0.098" width="0.001" count="184" />
        <bin index="99" start="0.099" width="0.001" count="282" />
        <bin index="100" start="0.1" width="0.001" count="167" />
        <bin index="101" start="0.101" width="0.001" count="362" />
        <bin index="102" start="0.102" width="0.001" count="222" />
        <bin index="103" start="0.103" width="0.001" count="272" />
        <bin index="104" start="0.104" width="0.001" count="836" />
        <bin index="105" start="0.105" width="0.001" count="21" />
      </delayHistogram>
      <jitterHistogram nBins="96" >
        <bin index="0" start="0" width="0.001" count="38756" />
        <bin index="1" start="0.001" width="0.001" count="369" />
        <bin index="2" start="0.002" width="0.001" count="1191" />
        <bin index="3" start="0.003" width="0.001" count="174" />
        <bin index="4" start="0.004" width="0.001" count="155" />
        <bin index="5" start="0.005" width="0.001" count="22" />
        <bin index="6" start="0.006" width="0.001" count="6" />
        <bin index="7" start="0.007" width="0.001" count="2" />
        <bin index="9" start="0.009" width="0.001" count="4" />
        <bin index="10" start="0.01" width="0.001" count="4" />
        <bin index="11" start="0.011" width="0.001" count="2" />
        <bin index="12" start="0.012" width="0.001" count="7" />
        <bin index="13" start="0.013" width="0.001" count="3" />
        <bin index="14" start="0.014" width="0.001" count="4" />
        <bin index="15" start="0.015" width="0.001" count="1" />
        <bin index="16" start="0.016" width="0.001" count="2" />
        <bin index="17" start="0.017" width="0.001" count="1" />
        <bin index="19" start="0.019" width="0.001" count="3" />
        <bin index="20" start="0.02" width="0.001" count="2" />
        <bin index="21" start="0.021" width="0.001" count="2" />
        <bin index="22" start="0.022" width="0.001" count="5" />
        <bin index="23" start="0.023" width="0.001" count="4" />
        <bin index="24" start="0.024" width="0.001" count="4" />
        <bin index="25" start="0.025" width="0.001" count="5" />
        <bin index="26" start="0.026" width="0.001" count="4" />
        <bin index="27" start="0.027" width="0.001" count="10" />
        <bin index="28" start="0.028" width="0.001" count="1" />
        <bin index="29" start="0.029" width="0.001" count="3" />
        <bin index="31" start="0.031" width="0.001" count="4" />
        <bin index="32" start="0.032" width="0.001" count="8" />
        <bin index="33" start="0.033" width="0.001" count="3" />
        <bin index="34" start="0.034" width="0.001" count="2" />
        <bin index="35" start="0.035" width="0.001" count="2" />
        <bin index="36" start="0.036" width="0.001" count="4" />
        <bin index="37" start="0.037" width="0.001" count="5" />
        <bin index="39" start="0.039" width="0.001" count="1" />
        <bin index="40" start="0.04" width="0.001" count="2" />
        <bin index="41" start="0.041" width="0.001" count="1" />
        <bin index="42" start="0.042" width="0.001" count="1" />
        <bin index="46" start="0.046" width="0.001" count="2" />
        <bin index="47" start="0.047" width="0.001" count="1" />
        <bin index="48" start="0.048" width="0.001" count="1" />
        <bin index="49" start="0.049" width="0.001" count="3" />
        <bin index="50" start="0.05" width="0.001" count="1" />
        <bin index="52" start="0.052" width="0.001" count="2" />
        <bin index="53" start="0.053" width="0.001" count="1" />
        <bin index="54" start="0.054" width="0.001" count="1" />
        <bin index="56" start="0.056" width="0.001" count="2" />
        <bin index="59" start="0.059" width="0.001" count="1" />
        <bin index="60" start="0.06" width="0.001" count="1" />
        <bin index="62" start="0.062" width="0.001" count="1" />
        <bin index="63" start="0.063" width="0.001" count="1" />
        <bin index="64" start="0.064" width="0.001" count="1" />
        <bin index="66" start="0.066" width="0.001" count="1" />
        <bin index="68" start="0.068" width="0.001" count="1" />
        <bin index="69" start="0.069" width="0.001" count="1" />
        <bin index="74" start="0.074" width="0.001" count="1" />
        <bin index="75" start="0.075" width="0.001" count="2" />
        <bin index="87" start="0.087" width="0.001" count="2" />
        <bin index="94" start="0.094" width="0.001" count="1" />
        <bin index="95" start="0.095" width="0.001" count="3" />
      </jitterHistogram>
      <packetSizeHistogram nBins="53" >
        <bin index="2" start="40" width="20" count="2" />
        <bin index="52" start="1040" width="20" count="40809" />
      </packetSizeHistogram>
      <flowInterruptionsHistogram nBins="8" >
        <bin index="2" start="0.5" width="0.25" count="13" />
        <bin index="3" start="0.75" width="0.25" count="4" />
        <bin index="4" start="1" width="0.25" count="6" />
        <bin index="7" start="1.75" width="0.25" count="2" />
      </flowInterruptionsHistogram>
    </Flow>
    <Flow flowId="2" timeFirstTxPacket="+100000000.0ns" timeFirstRxPacket="+105151038.0ns" timeLastTxPacket="+60074956843.0ns" timeLastRxPacket="+60080104362.0ns" delaySum="+1717458043682.0ns" jitterSum="+32355715893.0ns" lastDelay="+5147519.0ns" txBytes="34598388" rxBytes="34557360" txPackets="32892" rxPackets="32853" lostPackets="39" timesForwarded="32853">
      <packetsDropped reasonCode="0" number="0" />
      <packetsDropped reasonCode="1" number="0" />
      <packetsDropped reasonCode="2" number="0" />
      <packetsDropped reasonCode="3" number="0" />
      <packetsDropped reasonCode="4" number="39" />
      <bytesDropped reasonCode="0" bytes="0" />
      <bytesDropped reasonCode="1" bytes="0" />
      <bytesDropped reasonCode="2" bytes="0" />
      <bytesDropped reasonCode="3" bytes="0" />
      <bytesDropped reasonCode="4" bytes="41028" />
      <delayHistogram nBins="107" >
        <bin index="5" start="0.005" width="0.001" count="4" />
        <bin index="6" start="0.006" width="0.001" count="1768" />
        <bin index="7" start="0.007" width="0.001" count="326" />
        <bin index="8" start="0.008" width="0.001" count="277" />
        <bin index="9" start="0.009" width="0.001" count="233" />
        <bin index="10" start="0.01" width="0.001" count="359" />
        <bin index="11" start="0.011" width="0.001" count="280" />
        <bin index="12" start="0.012" width="0.001" count="247" />
        <bin index="13" start="0.013" width="0.001" count="241" />
        <bin index="14" start="0.014" width="0.001" count="268" />
        <bin index="15" start="0.015" width="0.001" count="413" />
        <bin index="16" start="0.016" width="0.001" count="217" />
        <bin index="17" start="0.017" width="0.001" count="221" />
        <bin index="18" start="0.018" width="0.001" count="224" />
        <bin index="19" start="0.019" width="0.001" count="222" />
        <bin index="20" start="0.02" width="0.001" count="293" />
        <bin index="21" start="0.021" width="0.001" count="239" />
        <bin index="22" start="0.022" width="0.001" count="227" />
        <bin index="23" start="0.023" width="0.001" count="221" />
        <bin index="24" start="0.024" width="0.001" count="199" />
        <bin index="25" start="0.025" width="0.001" count="170" />
        <bin index="26" start="0.026" width="0.001" count="181" />
        <bin index="27" start="0.027" width="0.001" count="215" />
        <bin index="28" start="0.028" width="0.001" count="253" />
        <bin index="29" start="0.029" width="0.001" count="258" />
        <bin index="30" start="0.03" width="0.001" count="264" />
        <bin index="31" start="0.031" width="0.001" count="384" />
        <bin index="32" start="0.032" width="0.001" count="322" />
        <bin index="33" start="0.033" width="0.001" count="352" />
        <bin index="34" start="0.034" width="0.001" count="333" />
        <bin index="35" start="0.035" width="0.001" count="340" />
        <bin index="36" start="0.036" width="0.001" count="326" />
        <bin index="37" start="0.037" width="0.001" count="437" />
        <bin index="38" start="0.038" width="0.001" count="253" />
        <bin index="39" start="0.039" width="0.001" count="213" />
        <bin index="40" start="0.04" width="0.001" count="248" />
        <bin index="41" start="0.041" width="0.001" count="234" />
        <bin index="42" start="0.042" width="0.001" count="412" />
        <bin index="43" start="0.043" width="0.001" count="364" />
        <bin index="44" start="0.044" width="0.001" count="324" />
        <bin index="45" start="0.045" width="0.001" count="349" />
        <bin index="46" start="0.046" width="0.001" count="378" />
        <bin index="47" start="0.047" width="0.001" count="535" />
        <bin index="48" start="0.048" width="0.001" count="453" />
        <bin index="49" start="0.049" width="0.001" count="416" />
        <bin index="50" start="0.05" width="0.001" count="427" />
        <bin index="51" start="0.051" width="0.001" count="482" />
        <bin index="52" start="0.052" width="0.001" count="519" />
        <bin index="53" start="0.053" width="0.001" count="682" />
        <bin index="54" start="0.054" width="0.001" count="434" />
        <bin index="55" start="0.055" width="0.001" count="468" />
        <bin index="56" start="0.056" width="0.001" count="496" />
        <bin index="57" start="0.057" width="0.001" count="408" />
        <bin index="58" start="0.058" width="0.001" count="635" />
        <bin index="59" start="0.059" width="0.001" count="465" />
        <bin index="60" start="0.06" width="0.001" count="442" />
        <bin index="61" start="0.061" width="0.001" count="429" />
        <bin index="62" start="0.062" width="0.001" count="385" />
        <bin index="63" start="0.063" width="0.001" count="579" />
        <bin index="64" start="0.064" width="0.001" count="469" />
        <bin index="65" start="0.065" width="0.001" count="445" />
        <bin index="66" start="0.066" width="0.001" count="444" />
        <bin index="67" start="0.067" width="0.001" count="414" />
        <bin index="68" start="0.068" width="0.001" count="302" />
        <bin index="69" start="0.069" width="0.001" count="224" />
        <bin index="70" start="0.07" width="0.001" count="363" />
        <bin index="71" start="0.071" width="0.001" count="464" />
        <bin index="72" start="0.072" width="0.001" count="508" />
        <bin index="73" start="0.073" width="0.001" count="475" />
        <bin index="74" start="0.074" width="0.001" count="442" />
        <bin index="75" start="0.075" width="0.001" count="490" />
        <bin index="76" start="0.076" width="0.001" count="539" />
        <bin index="77" start="0.077" width="0.001" count="519" />
        <bin index="78" start="0.078" width="0.001" count="359" />
        <bin index="79" start="0.079" width="0.001" count="212" />
        <bin index="80" start="0.08" width="0.001" count="139" />
        <bin index="81" start="0.081" width="0.001" count="129" />
        <bin index="82" start="0.082" width="0.001" count="146" />
        <bin index="83" start="0.083" width="0.001" count="131" />
        <bin index="84" start="0.084" width="0.001" count="105" />
        <bin index="85" start="0.085" width="0.001" count="85" />
        <bin index="86" start="0.086" width="0.001" count="100" />
        <bin index="87" start="0.087" width="0.001" count="257" />
        <bin index="88" start="0.088" width="0.001" count="456" />
        <bin index="89" start="0.089" width="0.001" count="527" />
        <bin index="90" start="0.09" width="0.001" count="560" />
        <bin index="91" start="0.091" width="0.001" count="69" />
        <bin index="92" start="0.092" width="0.001" count="41" />
        <bin index="93" start="0.093" width="0.001" count="50" />
        <bin index="94" start="0.094" width="0.001" count="96" />
        <bin index="95" start="0.095" width="0.001" count="80" />
        <bin index="96" start="0.096" width="0.001" count="30" />
        <bin index="97" start="0.097" width="0.001" count="59" />
        <bin index="98" start="0.098" width="0.001" count="109" />
        <bin index="99" start="0.099" width="0.001" count="227" />
        <bin index="100" start="0.1" width="0.001" count="325" />
        <bin index="101" start="0.101" width="0.001" count="298" />
        <bin index="102" start="0.102" width="0.001" count="162" />
        <bin index="103" start="0.103" width="0.001" count="260" />
        <bin index="104" start="0.104" width="0.001" count="287" />
        <bin index="105" start="0.105" width="0.001" count="73" />
        <bin index="106" start="0.106" width="0.001" count="39" />
      </delayHistogram>
      <jitterHistogram nBins="97" >
        <bin index="0" start="0" width="0.001" count="30731" />
        <bin index="1" start="0.001" width="0.001" count="158" />
        <bin index="2" start="0.002" width="0.001" count="1443" />
        <bin index="3" start="0.003" width="0.001" count="144" />
        <bin index="4" start="0.004" width="0.001" count="199" />
        <bin index="5" start="0.005" width="0.001" count="23" />
        <bin index="6" start="0.006" width="0.001" count="18" />
        <bin index="7" start="0.007" width="0.001" count="22" />
        <bin index="8" start="0.008" width="0.001" count="7" />
        <bin index="9" start="0.009" width="0.001" count="7" />
        <bin index="10" start="0.01" width="0.001" count="3" />
        <bin index="11" start="0.011" width="0.001" count="2" />
        <bin index="12" start="0.012" width="0.001" count="1" />
        <bin index="13" start="0.013" width="0.001" count="8" />
        <bin index="14" start="0.014" width="0.001" count="4" />
        <bin index="15" start="0.015" width="0.001" count="6" />
        <bin index="16" start="0.016" width="0.001" count="8" />
        <bin index="17" start="0.017" width="0.001" count="4" />
        <bin index="18" start="0.018" width="0.001" count="2" />
        <bin index="19" start="0.019" width="0.001" count="1" />
        <bin index="21" start="0.021" width="0.001" count="1" />
        <bin index="22" start="0.022" width="0.001" count="8" />
        <bin index="23" start="0.023" width="0.001" count="3" />
        <bin index="24" start="0.024" width="0.001" count="1" />
        <bin index="25" start="0.025" width="0.001" count="2" />
        <bin index="26" start="0.026" width="0.001" count="1" />
        <bin index="27" start="0.027" width="0.001" count="5" />
        <bin index="28" start="0.028" width="0.001" count="1" />
        <bin index="29" start="0.029" width="0.001" count="1" />
        <bin index="30" start="0.03" width="0.001" count="6" />
        <bin index="31" start="0.031" width="0.001" count="3" />
        <bin index="32" start="0.032" width="0.001" count="1" />
        <bin index="33" start="0.033" width="0.001" count="1" />
        <bin index="34" start="0.034" width="0.001" count="1" />
        <bin index="40" start="0.04" width="0.001" count="1" />
        <bin index="41" start="0.041" width="0.001" count="2" />
        <bin index="42" start="0.042" width="0.001" count="1" />
        <bin index="43" start="0.043" width="0.001" count="1" />
        <bin index="44" start="0.044" width="0.001" count="1" />
        <bin index="47" start="0.047" width="0.001" count="3" />
        <bin index="48" start="0.048" width="0.001" count="2" />
        <bin index="50" start="0.05" width="0.001" count="2" />
        <bin index="52" start="0.052" width="0.001" count="1" />
        <bin index="53" start="0.053" width="0.001" count="1" />
        <bin index="57" start="0.057" width="0.001" count="1" />
        <bin index="58" start="0.058" width="0.001" count="1" />
        <bin index="60" start="0.06" width="0.001" count="1" />
        <bin index="64" start="0.064" width="0.001" count="1" />
        <bin index="66" start="0.066" width="0.001" count="1" />
        <bin index="74" start="0.074" width="0.001" count="1" />
        <bin index="79" start="0.079" width="0.001" count="1" />
        <bin index="81" start="0.081" width="0.001" count="1" />
        <bin index="85" start="0.085" width="0.001" count="1" />
        <bin index="95" start="0.095" width="0.001" count="1" />
        <bin index="96" start="0.096" width="0.001" count="1" />
      </jitterHistogram>
      <packetSizeHistogram nBins="53" >
        <bin index="2" start="40" width="20" count="4" />
        <bin index="52" start="1040" width="20" count="32849" />
      </packetSizeHistogram>
      <flowInterruptionsHistogram nBins="8" >
        <bin index="2" start="0.5" width="0.25" count="9" />
        <bin index="3" start="0.75" width="0.25" count="4" />
        <bin index="4" start="1" width="0.25" count="5" />
        <bin index="5" start="1.25" width="0.25" count="3" />
        <bin index="6" start="1.5" width="0.25" count="1" />
        <bin index="7" start="1.75" width="0.25" count="2" />
      </flowInterruptionsHistogram>
    </Flow>
    <Flow flowId="3" timeFirstTxPacket="+105151038.0ns" timeFirstRxPacket="+110302076.0ns" timeLastTxPacket="+60098566443.0ns" timeLastRxPacket="+60098654762.0ns" delaySum="+419686300796.0ns" jitterSum="+14095331637.0ns" lastDelay="+5147519.0ns" txBytes="1078276" rxBytes="1077132" txPackets="20736" rxPackets="20714" lostPackets="19" timesForwarded="20714">
      <packetsDropped reasonCode="0" number="0" />
      <packetsDropped reasonCode="1" number="0" />
      <packetsDropped reasonCode="2" number="0" />
      <packetsDropped reasonCode="3" number="0" />
      <packetsDropped reasonCode="4" number="19" />
      <bytesDropped reasonCode="0" bytes="0" />
      <bytesDropped reasonCode="1" bytes="0" />
      <bytesDropped reasonCode="2" bytes="0" />
      <bytesDropped reasonCode="3" bytes="0" />
      <bytesDropped reasonCode="4" bytes="988" />
      <delayHistogram nBins="106" >
        <bin index="5" start="0.005" width="0.001" count="12856" />
        <bin index="6" start="0.006" width="0.001" count="486" />
        <bin index="7" start="0.007" width="0.001" count="107" />
        <bin index="8" start="0.008" width="0.001" count="85" />
        <bin index="9" start="0.009" width="0.001" count="80" />
        <bin index="10" start="0.01" width="0.001" count="102" />
        <bin index="11" start="0.011" width="0.001" count="66" />
        <bin index="12" start="0.012" width="0.001" count="69" />
        <bin index="13" start="0.013" width="0.001" count="65" />
        <bin index="14" start="0.014" width="0.001" count="76" />
        <bin index="15" start="0.015" width="0.001" count="90" />
        <bin index="16" start="0.016" width="0.001" count="72" />
        <bin index="17" start="0.017" width="0.001" count="65" />
        <bin index="18" start="0.018" width="0.001" count="80" />
        <bin index="19" start="0.019" width="0.001" count="71" />
        <bin index="20" start="0.02" width="0.001" count="75" />
        <bin index="21" start="0.021" width="0.001" count="70" />
        <bin index="22" start="0.022" width="0.001" count="58" />
        <bin index="23" start="0.023" width="0.001" count="66" />
        <bin index="24" start="0.024" width="0.001" count="65" />
        <bin index="25" start="0.025" width="0.001" count="61" />
        <bin index="26" start="0.026" width="0.001" count="79" />
        <bin index="27" start="0.027" width="0.001" count="61" />
        <bin index="28" start="0.028" width="0.001" count="84" />
        <bin index="29" start="0.029" width="0.001" count="61" />
        <bin index="30" start="0.03" width="0.001" count="84" />
        <bin index="31" start="0.031" width="0.001" count="84" />
        <bin index="32" start="0.032" width="0.001" count="95" />
        <bin index="33" start="0.033" width="0.001" count="114" />
        <bin index="34" start="0.034" width="0.001" count="70" />
        <bin index="35" start="0.035" width="0.001" count="135" />
        <bin index="36" start="0.036" width="0.001" count="98" />
        <bin index="37" start="0.037" width="0.001" count="101" />
        <bin index="38" start="0.038" width="0.001" count="112" />
        <bin index="39" start="0.039" width="0.001" count="86" />
        <bin index="40" start="0.04" width="0.001" count="121" />
        <bin index="41" start="0.041" width="0.001" count="106" />
        <bin index="42" start="0.042" width="0.001" count="95" />
        <bin index="43" start="0.043" width="0.001" count="111" />
        <bin index="44" start="0.044" width="0.001" count="101" />
        <bin index="45" start="0.045" width="0.001" count="128" />
        <bin index="46" start="0.046" width="0.001" count="119" />
        <bin index="47" start="0.047" width="0.001" count="117" />
        <bin index="48" start="0.048" width="0.001" count="126" />
        <bin index="49" start="0.049" width="0.001" count="128" />
        <bin index="50" start="0.05" width="0.001" count="141" />
        <bin index="51" start="0.051" width="0.001" count="159" />
        <bin index="52" start="0.052" width="0.001" count="118" />
        <bin index="53" start="0.053" width="0.001" count="126" />
        <bin index="54" start="0.054" width="0.001" count="111" />
        <bin index="55" start="0.055" width="0.001" count="127" />
        <bin index="56" start="0.056" width="0.001" count="139" />
        <bin index="57" start="0.057" width="0.001" count="111" />
        <bin index="58" start="0.058" width="0.001" count="127" />
        <bin index="59" start="0.059" width="0.001" count="106" />
        <bin index="60" start="0.06" width="0.001" count="123" />
        <bin index="61" start="0.061" width="0.001" count="126" />
        <bin index="62" start="0.062" width="0.001" count="89" />
        <bin index="63" start="0.063" width="0.001" count="119" />
        <bin index="64" start="0.064" width="0.001" count="86" />
        <bin index="65" start="0.065" width="0.001" count="124" />
        <bin index="66" start="0.066" width="0.001" count="97" />
        <bin index="67" start="0.067" width="0.001" count="92" />
        <bin index="68" start="0.068" width="0.001" count="94" />
        <bin index="69" start="0.069" width="0.001" count="111" />
        <bin index="70" start="0.07" width="0.001" count="117" />
        <bin index="71" start="0.071" width="0.001" count="92" />
        <bin index="72" start="0.072" width="0.001" count="77" />
        <bin index="73" start="0.073" width="0.001" count="85" />
        <bin index="74" start="0.074" width="0.001" count="80" />
        <bin index="75" start="0.075" width="0.001" count="97" />
        <bin index="76" start="0.076" width="0.001" count="58" />
        <bin index="77" start="0.077" width="0.001" count="69" />
        <bin index="78" start="0.078" width="0.001" count="56" />
        <bin index="79" start="0.079" width="0.001" count="66" />
        <bin index="80" start="0.08" width="0.001" count="63" />
        <bin index="81" start="0.081" width="0.001" count="46" />
        <bin index="82" start="0.082" width="0.001" count="38" />
        <bin index="83" start="0.083" width="0.001" count="28" />
        <bin index="84" start="0.084" width="0.001" count="23" />
        <bin index="85" start="0.085" width="0.001" count="19" />
        <bin index="86" start="0.086" width="0.001" count="24" />
        <bin index="87" start="0.087" width="0.001" count="12" />
        <bin index="88" start="0.088" width="0.001" count="18" />
        <bin index="89" start="0.089" width="0.001" count="12" />
        <bin index="90" start="0.09" width="0.001" count="10" />
        <bin index="91" start="0.091" width="0.001" count="14" />
        <bin index="92" start="0.092" width="0.001" count="8" />
        <bin index="93" start="0.093" width="0.001" count="12" />
        <bin index="94" start="0.094" width="0.001" count="4" />
        <bin index="95" start="0.095" width="0.001" count="12" />
        <bin index="96" start="0.096" width="0.001" count="10" />
        <bin index="97" start="0.097" width="0.001" count="6" />
        <bin index="98" start="0.098" width="0.001" count="5" />
        <bin index="99" start="0.099" width="0.001" count="6" />
        <bin index="100" start="0.1" width="0.001" count="6" />
        <bin index="101" start="0.101" width="0.001" count="4" />
        <bin index="102" start="0.102" width="0.001" count="3" />
        <bin index="103" start="0.103" width="0.001" count="4" />
        <bin index="104" start="0.104" width="0.001" count="14" />
        <bin index="105" start="0.105" width="0.001" count="9" />
      </delayHistogram>
      <jitterHistogram nBins="99" >
        <bin index="0" start="0" width="0.001" count="15066" />
        <bin index="1" start="0.001" width="0.001" count="5097" />
        <bin index="2" start="0.002" width="0.001" count="205" />
        <bin index="3" start="0.003" width="0.001" count="170" />
        <bin index="4" start="0.004" width="0.001" count="39" />
        <bin index="5" start="0.005" width="0.001" count="7" />
        <bin index="6" start="0.006" width="0.001" count="2" />
        <bin index="7" start="0.007" width="0.001" count="2" />
        <bin index="8" start="0.008" width="0.001" count="5" />
        <bin index="9" start="0.009" width="0.001" count="9" />
        <bin index="10" start="0.01" width="0.001" count="3" />
        <bin index="11" start="0.011" width="0.001" count="8" />
        <bin index="12" start="0.012" width="0.001" count="3" />
        <bin index="13" start="0.013" width="0.001" count="3" />
        <bin index="14" start="0.014" width="0.001" count="2" />
        <bin index="15" start="0.015" width="0.001" count="1" />
        <bin index="16" start="0.016" width="0.001" count="4" />
        <bin index="17" start="0.017" width="0.001" count="3" />
        <bin index="18" start="0.018" width="0.001" count="2" />
        <bin index="19" start="0.019" width="0.001" count="3" />
        <bin index="20" start="0.02" width="0.001" count="1" />
        <bin index="21" start="0.021" width="0.001" count="5" />
        <bin index="22" start="0.022" width="0.001" count="1" />
        <bin index="23" start="0.023" width="0.001" count="6" />
        <bin index="24" start="0.024" width="0.001" count="5" />
        <bin index="25" start="0.025" width="0.001" count="3" />
        <bin index="26" start="0.026" width="0.001" count="7" />
        <bin index="27" start="0.027" width="0.001" count="3" />
        <bin index="28" start="0.028" width="0.001" count="3" />
        <bin index="30" start="0.03" width="0.001" count="4" />
        <bin index="31" start="0.031" width="0.001" count="6" />
        <bin index="32" start="0.032" width="0.001" count="9" />
        <bin index="33" start="0.033" width="0.001" count="1" />
        <bin index="34" start="0.034" width="0.001" count="2" />
        <bin index="35" start="0.035" width="0.001" count="1" />
        <bin index="36" start="0.036" width="0.001" count="3" />
        <bin index="37" start="0.037" width="0.001" count="3" />
        <bin index="38" start="0.038" width="0.001" count="2" />
        <bin index="46" start="0.046" width="0.001" count="2" />
        <bin index="47" start="0.047" width="0.001" count="1" />
        <bin index="48" start="0.048" width="0.001" count="1" />
        <bin index="53" start="0.053" width="0.001" count="1" />
        <bin index="57" start="0.057" width="0.001" count="1" />
        <bin index="61" start="0.061" width="0.001" count="1" />
        <bin index="62" start="0.062" width="0.001" count="1" />
        <bin index="72" start="0.072" width="0.001" count="1" />
        <bin index="75" start="0.075" width="0.001" count="1" />
        <bin index="77" start="0.077" width="0.001" count="1" />
        <bin index="87" start="0.087" width="0.001" count="1" />
        <bin index="94" start="0.094" width="0.001" count="1" />
        <bin index="98" start="0.098" width="0.001" count="1" />
      </jitterHistogram>
      <packetSizeHistogram nBins="3" >
        <bin index="2" start="40" width="20" count="20714" />
      </packetSizeHistogram>
      <flowInterruptionsHistogram nBins="8" >
        <bin index="2" start="0.5" width="0.25" count="10" />
        <bin index="3" start="0.75" width="0.25" count="4" />
        <bin index="4" start="1" width="0.25" count="4" />
        <bin index="7" start="1.75" width="0.25" count="2" />
      </flowInterruptionsHistogram>
    </Flow>
    <Flow flowId="4" timeFirstTxPacket="+105151038.0ns" timeFirstRxPacket="+110302076.0ns" timeLastTxPacket="+60005145993.0ns" timeLastRxPacket="+60074956843.0ns" delaySum="+339608485454.0ns" jitterSum="+14736216368.0ns" lastDelay="+69810850.0ns" txBytes="867416" rxBytes="867208" txPackets="16681" rxPackets="16677" lostPackets="4" timesForwarded="16677">
      <packetsDropped reasonCode="0" number="0" />
      <packetsDropped reasonCode="1" number="0" />
      <packetsDropped reasonCode="2" number="0" />
      <packetsDropped reasonCode="3" number="0" />
      <packetsDropped reasonCode="4" number="4" />
      <bytesDropped reasonCode="0" bytes="0" />
      <bytesDropped reasonCode="1" bytes="0" />
      <bytesDropped reasonCode="2" bytes="0" />
      <bytesDropped reasonCode="3" bytes="0" />
      <bytesDropped reasonCode="4" bytes="208" />
      <delayHistogram nBins="105" >
        <bin index="5" start="0.005" width="0.001" count="8413" />
        <bin index="6" start="0.006" width="0.001" count="256" />
        <bin index="7" start="0.007" width="0.001" count="137" />
        <bin index="8" start="0.008" width="0.001" count="123" />
        <bin index="9" start="0.009" width="0.001" count="142" />
        <bin index="10" start="0.01" width="0.001" count="203" />
        <bin index="11" start="0.011" width="0.001" count="147" />
        <bin index="12" start="0.012" width="0.001" count="149" />
        <bin index="13" start="0.013" width="0.001" count="135" />
        <bin index="14" start="0.014" width="0.001" count="174" />
        <bin index="15" start="0.015" width="0.001" count="206" />
        <bin index="16" start="0.016" width="0.001" count="131" />
        <bin index="17" start="0.017" width="0.001" count="160" />
        <bin index="18" start="0.018" width="0.001" count="132" />
        <bin index="19" start="0.019" width="0.001" count="200" />
        <bin index="20" start="0.02" width="0.001" count="173" />
        <bin index="21" start="0.021" width="0.001" count="141" />
        <bin index="22" start="0.022" width="0.001" count="160" />
        <bin index="23" start="0.023" width="0.001" count="163" />
        <bin index="24" start="0.024" width="0.001" count="213" />
        <bin index="25" start="0.025" width="0.001" count="172" />
        <bin index="26" start="0.026" width="0.001" count="134" />
        <bin index="27" start="0.027" width="0.001" count="168" />
        <bin index="28" start="0.028" width="0.001" count="154" />
        <bin index="29" start="0.029" width="0.001" count="179" />
        <bin index="30" start="0.03" width="0.001" count="133" />
        <bin index="31" start="0.031" width="0.001" count="127" />
        <bin index="32" start="0.032" width="0.001" count="145" />
        <bin index="33" start="0.033" width="0.001" count="177" />
        <bin index="34" start="0.034" width="0.001" count="114" />
        <bin index="35" start="0.035" width="0.001" count="126" />
        <bin index="36" start="0.036" width="0.001" count="107" />
        <bin index="37" start="0.037" width="0.001" count="134" />
        <bin index="38" start="0.038" width="0.001" count="142" />
        <bin index="39" start="0.039" width="0.001" count="113" />
        <bin index="40" start="0.04" width="0.001" count="112" />
        <bin index="41" start="0.041" width="0.001" count="101" />
        <bin index="42" start="0.042" width="0.001" count="130" />
        <bin index="43" start="0.043" width="0.001" count="82" />
        <bin index="44" start="0.044" width="0.001" count="83" />
        <bin index="45" start="0.045" width="0.001" count="73" />
        <bin index="46" start="0.046" width="0.001" count="84" />
        <bin index="47" start="0.047" width="0.001" count="80" />
        <bin index="48" start="0.048" width="0.001" count="65" />
        <bin index="49" start="0.049" width="0.001" count="78" />
        <bin index="50" start="0.05" width="0.001" count="83" />
        <bin index="51" start="0.051" width="0.001" count="80" />
        <bin index="52" start="0.052" width="0.001" count="76" />
        <bin index="53" start="0.053" width="0.001" count="76" />
        <bin index="54" start="0.054" width="0.001" count="85" />
        <bin index="55" start="0.055" width="0.001" count="89" />
        <bin index="56" start="0.056" width="0.001" count="82" />
        <bin index="57" start="0.057" width="0.001" count="69" />
        <bin index="58" start="0.058" width="0.001" count="72" />
        <bin index="59" start="0.059" width="0.001" count="70" />
        <bin index="60" start="0.06" width="0.001" count="78" />
        <bin index="61" start="0.061" width="0.001" count="59" />
        <bin index="62" start="0.062" width="0.001" count="55" />
        <bin index="63" start="0.063" width="0.001" count="46" />
        <bin index="64" start="0.064" width="0.001" count="51" />
        <bin index="65" start="0.065" width="0.001" count="58" />
        <bin index="66" start="0.066" width="0.001" count="73" />
        <bin index="67" start="0.067" width="0.001" count="108" />
        <bin index="68" start="0.068" width="0.001" count="51" />
        <bin index="69" start="0.069" width="0.001" count="51" />
        <bin index="70" start="0.07" width="0.001" count="34" />
        <bin index="71" start="0.071" width="0.001" count="20" />
        <bin index="72" start="0.072" width="0.001" count="27" />
        <bin index="73" start="0.073" width="0.001" count="28" />
        <bin index="74" start="0.074" width="0.001" count="51" />
        <bin index="75" start="0.075" width="0.001" count="49" />
        <bin index="76" start="0.076" width="0.001" count="59" />
        <bin index="77" start="0.077" width="0.001" count="48" />
        <bin index="78" start="0.078" width="0.001" count="56" />
        <bin index="79" start="0.079" width="0.001" count="8" />
        <bin index="80" start="0.08" width="0.001" count="22" />
        <bin index="81" start="0.081" width="0.001" count="16" />
        <bin index="82" start="0.082" width="0.001" count="42" />
        <bin index="83" start="0.083" width="0.001" count="61" />
        <bin index="84" start="0.084" width="0.001" count="63" />
        <bin index="85" start="0.085" width="0.001" count="7" />
        <bin index="86" start="0.086" width="0.001" count="3" />
        <bin index="87" start="0.087" width="0.001" count="5" />
        <bin index="88" start="0.088" width="0.001" count="4" />
        <bin index="89" start="0.089" width="0.001" count="4" />
        <bin index="90" start="0.09" width="0.001" count="10" />
        <bin index="91" start="0.091" width="0.001" count="6" />
        <bin index="92" start="0.092" width="0.001" count="7" />
        <bin index="93" start="0.093" width="0.001" count="23" />
        <bin index="94" start="0.094" width="0.001" count="11" />
        <bin index="95" start="0.095" width="0.001" count="16" />
        <bin index="97" start="0.097" width="0.001" count="1" />
        <bin index="98" start="0.098" width="0.001" count="3" />
        <bin index="99" start="0.099" width="0.001" count="2" />
        <bin index="100" start="0.1" width="0.001" count="2" />
        <bin index="101" start="0.101" width="0.001" count="2" />
        <bin index="102" start="0.102" width="0.001" count="3" />
        <bin index="104" start="0.104" width="0.001" count="1" />
      </delayHistogram>
      <jitterHistogram nBins="96" >
        <bin index="0" start="0" width="0.001" count="10678" />
        <bin index="1" start="0.001" width="0.001" count="5311" />
        <bin index="2" start="0.002" width="0.001" count="203" />
        <bin index="3" start="0.003" width="0.001" count="260" />
        <bin index="4" start="0.004" width="0.001" count="36" />
        <bin index="5" start="0.005" width="0.001" count="28" />
        <bin index="6" start="0.006" width="0.001" count="27" />
        <bin index="7" start="0.007" width="0.001" count="7" />
        <bin index="8" start="0.008" width="0.001" count="10" />
        <bin index="9" start="0.009" width="0.001" count="5" />
        <bin index="10" start="0.01" width="0.001" count="5" />
        <bin index="11" start="0.011" width="0.001" count="4" />
        <bin index="12" start="0.012" width="0.001" count="5" />
        <bin index="13" start="0.013" width="0.001" count="9" />
        <bin index="14" start="0.014" width="0.001" count="3" />
        <bin index="15" start="0.015" width="0.001" count="5" />
        <bin index="16" start="0.016" width="0.001" count="6" />
        <bin index="17" start="0.017" width="0.001" count="1" />
        <bin index="18" start="0.018" width="0.001" count="3" />
        <bin index="19" start="0.019" width="0.001" count="1" />
        <bin index="20" start="0.02" width="0.001" count="1" />
        <bin index="21" start="0.021" width="0.001" count="8" />
        <bin index="22" start="0.022" width="0.001" count="4" />
        <bin index="23" start="0.023" width="0.001" count="1" />
        <bin index="24" start="0.024" width="0.001" count="2" />
        <bin index="25" start="0.025" width="0.001" count="2" />
        <bin index="26" start="0.026" width="0.001" count="3" />
        <bin index="27" start="0.027" width="0.001" count="2" />
        <bin index="28" start="0.028" width="0.001" count="1" />
        <bin index="29" start="0.029" width="0.001" count="3" />
        <bin index="30" start="0.03" width="0.001" count="4" />
        <bin index="31" start="0.031" width="0.001" count="1" />
        <bin index="33" start="0.033" width="0.001" count="2" />
        <bin index="35" start="0.035" width="0.001" count="1" />
        <bin index="40" start="0.04" width="0.001" count="2" />
        <bin index="41" start="0.041" width="0.001" count="2" />
        <bin index="42" start="0.042" width="0.001" count="2" />
        <bin index="43" start="0.043" width="0.001" count="1" />
        <bin index="44" start="0.044" width="0.001" count="2" />
        <bin index="46" start="0.046" width="0.001" count="1" />
        <bin index="47" start="0.047" width="0.001" count="2" />
        <bin index="48" start="0.048" width="0.001" count="2" />
        <bin index="50" start="0.05" width="0.001" count="1" />
        <bin index="51" start="0.051" width="0.001" count="1" />
        <bin index="52" start="0.052" width="0.001" count="1" />
        <bin index="53" start="0.053" width="0.001" count="1" />
        <bin index="55" start="0.055" width="0.001" count="1" />
        <bin index="57" start="0.057" width="0.001" count="1" />
        <bin index="60" start="0.06" width="0.001" count="2" />
        <bin index="61" start="0.061" width="0.001" count="3" />
        <bin index="64" start="0.064" width="0.001" count="1" />
        <bin index="68" start="0.068" width="0.001" count="1" />
        <bin index="75" start="0.075" width="0.001" count="2" />
        <bin index="77" start="0.077" width="0.001" count="1" />
        <bin index="83" start="0.083" width="0.001" count="1" />
        <bin index="87" start="0.087" width="0.001" count="1" />
        <bin index="93" start="0.093" width="0.001" count="1" />
        <bin index="95" start="0.095" width="0.001" count="1" />
      </jitterHistogram>
      <packetSizeHistogram nBins="3" >
        <bin index="2" start="40" width="20" count="16677" />
      </packetSizeHistogram>
      <flowInterruptionsHistogram nBins="8" >
        <bin index="2" start="0.5" width="0.25" count="5" />
        <bin index="3" start="0.75" width="0.25" count="8" />
        <bin index="4" start="1" width="0.25" count="2" />
        <bin index="5" start="1.25" width="0.25" count="1" />
        <bin index="6" start="1.5" width="0.25" count="2" />
        <bin index="7" start="1.75" width="0.25" count="1" />
      </flowInterruptionsHistogram>
    </Flow>
  </FlowStats>
  <Ipv4FlowClassifier>
    <Flow flowId="4" sourceAddress="192.168.1.1" destinationAddress="192.168.2.2" protocol="6" sourcePort="8" destinationPort="49153" />
    <Flow flowId="1" sourceAddress="192.168.1.1" destinationAddress="192.168.2.2" protocol="6" sourcePort="49153" destinationPort="7" />
    <Flow flowId="3" sourceAddress="192.168.2.2" destinationAddress="192.168.1.1" protocol="6" sourcePort="7" destinationPort="49153" />
    <Flow flowId="2" sourceAddress="192.168.2.2" destinationAddress="192.168.1.1" protocol="6" sourcePort="49153" destinationPort="8" />
  </Ipv4FlowClassifier>
  <Ipv6FlowClassifier>
  </Ipv6FlowClassifier>
  <FlowProbes>
    <FlowProbe index="0">
      <FlowStats  flowId="1" packets="40839" bytes="42960632" delayFromFirstProbeSum="+0.0ns" >
      </FlowStats>
      <FlowStats  flowId="2" packets="32853" bytes="34557360" delayFromFirstProbeSum="+1717458043682.0ns" >
      </FlowStats>
      <FlowStats  flowId="3" packets="20714" bytes="1077132" delayFromFirstProbeSum="+419686300796.0ns" >
      </FlowStats>
      <FlowStats  flowId="4" packets="16681" bytes="867416" delayFromFirstProbeSum="+0.0ns" >
      </FlowStats>
    </FlowProbe>
    <FlowProbe index="1">
    </FlowProbe>
    <FlowProbe index="2">
      <FlowStats  flowId="1" packets="40839" bytes="42960632" delayFromFirstProbeSum="+11897906106.0ns" >
        <packetsDropped reasonCode="0" number="0" />
        <packetsDropped reasonCode="1" number="0" />
        <packetsDropped reasonCode="2" number="0" />
        <packetsDropped reasonCode="3" number="0" />
        <packetsDropped reasonCode="4" number="21" />
        <bytesDropped reasonCode="0" bytes="0" />
        <bytesDropped reasonCode="1" bytes="0" />
        <bytesDropped reasonCode="2" bytes="0" />
        <bytesDropped reasonCode="3" bytes="0" />
        <bytesDropped reasonCode="4" bytes="22092" />
      </FlowStats>
      <FlowStats  flowId="2" packets="32853" bytes="34557360" delayFromFirstProbeSum="+1711402898406.0ns" >
      </FlowStats>
      <FlowStats  flowId="3" packets="20714" bytes="1077132" delayFromFirstProbeSum="+417336722380.0ns" >
      </FlowStats>
      <FlowStats  flowId="4" packets="16681" bytes="867416" delayFromFirstProbeSum="+1767140180.0ns" >
        <packetsDropped reasonCode="0" number="0" />
        <packetsDropped reasonCode="1" number="0" />
        <packetsDropped reasonCode="2" number="0" />
        <packetsDropped reasonCode="3" number="0" />
        <packetsDropped reasonCode="4" number="4" />
        <bytesDropped reasonCode="0" bytes="0" />
        <bytesDropped reasonCode="1" bytes="0" />
        <bytesDropped reasonCode="2" bytes="0" />
        <bytesDropped reasonCode="3" bytes="0" />
        <bytesDropped reasonCode="4" bytes="208" />
      </FlowStats>
    </FlowProbe>
    <FlowProbe index="3">
    </FlowProbe>
    <FlowProbe index="4">
      <FlowStats  flowId="1" packets="40811" bytes="42931176" delayFromFirstProbeSum="+2234319700135.0ns" >
      </FlowStats>
      <FlowStats  flowId="2" packets="32892" bytes="34598388" delayFromFirstProbeSum="+0.0ns" >
        <packetsDropped reasonCode="0" number="0" />
        <packetsDropped reasonCode="1" number="0" />
        <packetsDropped reasonCode="2" number="0" />
        <packetsDropped reasonCode="3" number="0" />
        <packetsDropped reasonCode="4" number="39" />
        <bytesDropped reasonCode="0" bytes="0" />
        <bytesDropped reasonCode="1" bytes="0" />
        <bytesDropped reasonCode="2" bytes="0" />
        <bytesDropped reasonCode="3" bytes="0" />
        <bytesDropped reasonCode="4" bytes="41028" />
      </FlowStats>
      <FlowStats  flowId="3" packets="20736" bytes="1078276" delayFromFirstProbeSum="+0.0ns" >
        <packetsDropped reasonCode="0" number="0" />
        <packetsDropped reasonCode="1" number="0" />
        <packetsDropped reasonCode="2" number="0" />
        <packetsDropped reasonCode="3" number="0" />
        <packetsDropped reasonCode="4" number="19" />
        <bytesDropped reasonCode="0" bytes="0" />
        <bytesDropped reasonCode="1" bytes="0" />
        <bytesDropped reasonCode="2" bytes="0" />
        <bytesDropped reasonCode="3" bytes="0" />
        <bytesDropped reasonCode="4" bytes="988" />
      </FlowStats>
      <FlowStats  flowId="4" packets="16677" bytes="867208" delayFromFirstProbeSum="+339608485454.0ns" >
      </FlowStats>
    </FlowProbe>
    <FlowProbe index="5">
    </FlowProbe>
  </FlowProbes>
</FlowMonitor>
