<?xml version="1.0" ?>
<FlowMonitor>
  <FlowStats>
    <Flow flowId="1" timeFirstTxPacket="+100000000.0ns" timeFirstRxPacket="+105151038.0ns" timeLastTxPacket="+60044880364.0ns" timeLastRxPacket="+60099712043.0ns" delaySum="+1697526768816.0ns" jitterSum="+36462315167.0ns" lastDelay="+59890879.0ns" txBytes="38960928" rxBytes="38915692" txPackets="37037" rxPackets="36994" lostPackets="37" timesForwarded="36994">
      <packetsDropped reasonCode="0" number="0" />
      <packetsDropped reasonCode="1" number="0" />
      <packetsDropped reasonCode="2" number="0" />
      <packetsDropped reasonCode="3" number="0" />
      <packetsDropped reasonCode="4" number="37" />
      <bytesDropped reasonCode="0" bytes="0" />
      <bytesDropped reasonCode="1" bytes="0" />
      <bytesDropped reasonCode="2" bytes="0" />
      <bytesDropped reasonCode="3" bytes="0" />
      <bytesDropped reasonCode="4" bytes="38924" />
      <delayHistogram nBins="106" >
        <bin index="5" start="0.005" width="0.001" count="2" />
        <bin index="6" start="0.006" width="0.001" count="2075" />
        <bin index="7" start="0.007" width="0.001" count="481" />
        <bin index="8" start="0.008" width="0.001" count="446" />
        <bin index="9" start="0.009" width="0.001" count="412" />
        <bin index="10" start="0.01" width="0.001" count="675" />
        <bin index="11" start="0.011" width="0.001" count="463" />
        <bin index="12" start="0.012" width="0.001" count="397" />
        <bin index="13" start="0.013" width="0.001" count="400" />
        <bin index="14" start="0.014" width="0.001" count="429" />
        <bin index="15" start="0.015" width="0.001" count="714" />
        <bin index="16" start="0.016" width="0.001" count="398" />
        <bin index="17" start="0.017" width="0.001" count="379" />
        <bin index="18" start="0.018" width="0.001" count="361" />
        <bin index="19" start="0.019" width="0.001" count="340" />
        <bin index="20" start="0.02" width="0.001" count="541" />
        <bin index="21" start="0.021" width="0.001" count="345" />
        <bin index="22" start="0.022" width="0.001" count="347" />
        <bin index="23" start="0.023" width="0.001" count="378" />
        <bin index="24" start="0.024" width="0.001" count="570" />
        <bin index="25" start="0.025" width="0.001" count="386" />
        <bin index="26" start="0.026" width="0.001" count="433" />
        <bin index="27" start="0.027" width="0.001" count="338" />
        <bin index="28" start="0.028" width="0.001" count="342" />
        <bin index="29" start="0.029" width="0.001" count="482" />
        <bin index="30" start="0.03" width="0.001" count="330" />
        <bin index="31" start="0.031" width="0.001" count="559" />
        <bin index="32" start="0.032" width="0.001" count="384" />
        <bin index="33" start="0.033" width="0.001" count="396" />
        <bin index="34" start="0.034" width="0.001" count="411" />
        <bin index="35" start="0.035" width="0.001" count="310" />
        <bin index="36" start="0.036" width="0.001" count="256" />
        <bin index="37" start="0.037" width="0.001" count="371" />
        <bin index="38" start="0.038" width="0.001" count="273" />
        <bin index="39" start="0.039" width="0.001" count="226" />
        <bin index="40" start="0.04" width="0.001" count="280" />
        <bin index="41" start="0.041" width="0.001" count="359" />
        <bin index="42" start="0.042" width="0.001" count="678" />
        <bin index="43" start="0.043" width="0.001" count="440" />
        <bin index="44" start="0.044" width="0.001" count="231" />
        <bin index="45" start="0.045" width="0.001" count="205" />
        <bin index="46" start="0.046" width="0.001" count="264" />
        <bin index="47" start="0.047" width="0.001" count="590" />
        <bin index="48" start="0.048" width="0.001" count="438" />
        <bin index="49" start="0.049" width="0.001" count="381" />
        <bin index="50" start="0.05" width="0.001" count="326" />
        <bin index="51" start="0.051" width="0.001" count="232" />
        <bin index="52" start="0.052" width="0.001" count="293" />
        <bin index="53" start="0.053" width="0.001" count="673" />
        <bin index="54" start="0.054" width="0.001" count="492" />
        <bin index="55" start="0.055" width="0.001" count="549" />
        <bin index="56" start="0.056" width="0.001" count="452" />
        <bin index="57" start="0.057" width="0.001" count="417" />
        <bin index="58" start="0.058" width="0.001" count="828" />
        <bin index="59" start="0.059" width="0.001" count="485" />
        <bin index="60" start="0.06" width="0.001" count="358" />
        <bin index="61" start="0.061" width="0.001" count="321" />
        <bin index="62" start="0.062" width="0.001" count="310" />
        <bin index="63" start="0.063" width="0.001" count="478" />
        <bin index="64" start="0.064" width="0.001" count="218" />
        <bin index="65" start="0.065" width="0.001" count="190" />
        <bin index="66" start="0.066" width="0.001" count="469" />
        <bin index="67" start="0.067" width="0.001" count="618" />
        <bin index="68" start="0.068" width="0.001" count="530" />
        <bin index="69" start="0.069" width="0.001" count="874" />
        <bin index="70" start="0.07" width="0.001" count="551" />
        <bin index="71" start="0.071" width="0.001" count="544" />
        <bin index="72" start="0.072" width="0.001" count="410" />
        <bin index="73" start="0.073" width="0.001" count="387" />
        <bin index="74" start="0.074" width="0.001" count="689" />
        <bin index="75" start="0.075" width="0.001" count="632" />
        <bin index="76" start="0.076" width="0.001" count="620" />
        <bin index="77" start="0.077" width="0.001" count="633" />
        <bin index="78" start="0.078" width="0.001" count="505" />
        <bin index="79" start="0.079" width="0.001" count="328" />
        <bin index="80" start="0.08" width="0.001" count="746" />
        <bin index="81" start="0.081" width="0.001" count="587" />
        <bin index="82" start="0.082" width="0.001" count="482" />
        <bin index="83" start="0.083" width="0.001" count="430" />
        <bin index="84" start="0.084" width="0.001" count="312" />
        <bin index="85" start="0.085" width="0.001" count="160" />
        <bin index="86" start="0.086" width="0.001" count="40" />
        <bin index="87" start="0.087" width="0.001" count="6" />
        <bin index="88" start="0.088" width="0.001" count="3" />
        <bin index="89" start="0.089" width="0.001" count="5" />
        <bin index="90" start="0.09" width="0.001" count="6" />
        <bin index="91" start="0.091" width="0.001" count="13" />
        <bin index="92" start="0.092" width="0.001" count="12" />
        <bin index="93" start="0.093" width="0.001" count="14" />
        <bin index="94" start="0.094" width="0.001" count="6" />
        <bin index="95" start="0.095" width="0.001" count="4" />
        <bin index="96" start="0.096" width="0.001" count="17" />
        <bin index="97" start="0.097" width="0.001" count="12" />
        <bin index="98" start="0.098" width="0.001" count="12" />
        <bin index="99" start="0.099" width="0.001" count="14" />
        <bin index="100" start="0.1" width="0.001" count="18" />
        <bin index="101" start="0.101" width="0.001" count="13" />
        <bin index="102" start="0.102" width="0.001" count="16" />
        <bin index="103" start="0.103" width="0.001" count="14" />
        <bin index="104" start="0.104" width="0.001" count="120" />
        <bin index="105" start="0.105" width="0.001" count="4" />
      </delayHistogram>
      <jitterHistogram nBins="87" >
        <bin index="0" start="0" width="0.001" count="35450" />
        <bin index="1" start="0.001" width="0.001" count="316" />
        <bin index="2" start="0.002" width="0.001" count="831" />
        <bin index="3" start="0.003" width="0.001" count="87" />
        <bin index="4" start="0.004" width="0.001" count="103" />
        <bin index="5" start="0.005" width="0.001" count="23" />
        <bin index="6" start="0.006" width="0.001" count="4" />
        <bin index="7" start="0.007" width="0.001" count="9" />
        <bin index="8" start="0.008" width="0.001" count="2" />
        <bin index="9" start="0.009" width="0.001" count="16" />
        <bin index="10" start="0.01" width="0.001" count="6" />
        <bin index="11" start="0.011" width="0.001" count="2" />
        <bin index="12" start="0.012" width="0.001" count="3" />
        <bin index="13" start="0.013" width="0.001" count="3" />
        <bin index="14" start="0.014" width="0.001" count="2" />
        <bin index="15" start="0.015" width="0.001" count="2" />
        <bin index="16" start="0.016" width="0.001" count="2" />
        <bin index="17" start="0.017" width="0.001" count="2" />
        <bin index="18" start="0.018" width="0.001" count="4" />
        <bin index="20" start="0.02" width="0.001" count="2" />
        <bin index="21" start="0.021" width="0.001" count="5" />
        <bin index="22" start="0.022" width="0.001" count="16" />
        <bin index="23" start="0.023" width="0.001" count="7" />
        <bin index="24" start="0.024" width="0.001" count="5" />
        <bin index="25" start="0.025" width="0.001" count="12" />
        <bin index="26" start="0.026" width="0.001" count="8" />
        <bin index="27" start="0.027" width="0.001" count="7" />
        <bin index="28" start="0.028" width="0.001" count="6" />
        <bin index="29" start="0.029" width="0.001" count="5" />
        <bin index="30" start="0.03" width="0.001" count="5" />
        <bin index="31" start="0.031" width="0.001" count="4" />
        <bin index="32" start="0.032" width="0.001" count="5" />
        <bin index="33" start="0.033" width="0.001" count="7" />
        <bin index="34" start="0.034" width="0.001" count="2" />
        <bin index="35" start="0.035" width="0.001" count="3" />
        <bin index="36" start="0.036" width="0.001" count="5" />
        <bin index="37" start="0.037" width="0.001" count="2" />
        <bin index="38" start="0.038" width="0.001" count="1" />
        <bin index="40" start="0.04" width="0.001" count="1" />
        <bin index="41" start="0.041" width="0.001" count="2" />
        <bin index="42" start="0.042" width="0.001" count="1" />
        <bin index="43" start="0.043" width="0.001" count="2" />
        <bin index="46" start="0.046" width="0.001" count="1" />
        <bin index="48" start="0.048" width="0.001" count="1" />
        <bin index="49" start="0.049" width="0.001" count="1" />
        <bin index="50" start="0.05" width="0.001" count="2" />
        <bin index="55" start="0.055" width="0.001" count="1" />
        <bin index="58" start="0.058" width="0.001" count="1" />
        <bin index="62" start="0.062" width="0.001" count="1" />
        <bin index="64" start="0.064" width="0.001" count="1" />
        <bin index="70" start="0.07" width="0.001" count="1" />
        <bin index="73" start="0.073" width="0.001" count="2" />
        <bin index="86" start="0.086" width="0.001" count="1" />
      </jitterHistogram>
      <packetSizeHistogram nBins="53" >
        <bin index="2" start="40" width="20" count="2" />
        <bin index="52" start="1040" width="20" count="36992" />
      </packetSizeHistogram>
      <flowInterruptionsHistogram nBins="8" >
        <bin index="2" start="0.5" width="0.25" count="13" />
        <bin index="3" start="0.75" width="0.25" count="5" />
        <bin index="4" start="1" width="0.25" count="6" />
        <bin index="7" start="1.75" width="0.25" count="2" />
      </flowInterruptionsHistogram>
    </Flow>
    <Flow flowId="2" timeFirstTxPacket="+100000000.0ns" timeFirstRxPacket="+105151038.0ns" timeLastTxPacket="+60063454443.0ns" timeLastRxPacket="+60068601962.0ns" delaySum="+1738210240683.0ns" jitterSum="+34315400559.0ns" lastDelay="+5147519.0ns" txBytes="36631904" rxBytes="36598240" txPackets="34825" rxPackets="34793" lostPackets="32" timesForwarded="34793">
      <packetsDropped reasonCode="0" number="0" />
      <packetsDropped reasonCode="1" number="0" />
      <packetsDropped reasonCode="2" number="0" />
      <packetsDropped reasonCode="3" number="0" />
      <packetsDropped reasonCode="4" number="32" />
      <bytesDropped reasonCode="0" bytes="0" />
      <bytesDropped reasonCode="1" bytes="0" />
      <bytesDropped reasonCode="2" bytes="0" />
      <bytesDropped reasonCode="3" bytes="0" />
      <bytesDropped reasonCode="4" bytes="33664" />
      <delayHistogram nBins="105" >
        <bin index="5" start="0.005" width="0.001" count="4" />
        <bin index="6" start="0.006" width="0.001" count="1130" />
        <bin index="7" start="0.007" width="0.001" count="221" />
        <bin index="8" start="0.008" width="0.001" count="209" />
        <bin index="9" start="0.009" width="0.001" count="213" />
        <bin index="10" start="0.01" width="0.001" count="315" />
        <bin index="11" start="0.011" width="0.001" count="247" />
        <bin index="12" start="0.012" width="0.001" count="209" />
        <bin index="13" start="0.013" width="0.001" count="204" />
        <bin index="14" start="0.014" width="0.001" count="202" />
        <bin index="15" start="0.015" width="0.001" count="295" />
        <bin index="16" start="0.016" width="0.001" count="189" />
        <bin index="17" start="0.017" width="0.001" count="187" />
        <bin index="18" start="0.018" width="0.001" count="175" />
        <bin index="19" start="0.019" width="0.001" count="181" />
        <bin index="20" start="0.02" width="0.001" count="378" />
        <bin index="21" start="0.021" width="0.001" count="252" />
        <bin index="22" start="0.022" width="0.001" count="247" />
        <bin index="23" start="0.023" width="0.001" count="242" />
        <bin index="24" start="0.024" width="0.001" count="317" />
        <bin index="25" start="0.025" width="0.001" count="266" />
        <bin index="26" start="0.026" width="0.001" count="350" />
        <bin index="27" start="0.027" width="0.001" count="257" />
        <bin index="28" start="0.028" width="0.001" count="249" />
        <bin index="29" start="0.029" width="0.001" count="289" />
        <bin index="30" start="0.03" width="0.001" count="256" />
        <bin index="31" start="0.031" width="0.001" count="345" />
        <bin index="32" start="0.032" width="0.001" count="200" />
        <bin index="33" start="0.033" width="0.001" count="143" />
        <bin index="34" start="0.034" width="0.001" count="129" />
        <bin index="35" start="0.035" width="0.001" count="207" />
        <bin index="36" start="0.036" width="0.001" count="361" />
        <bin index="37" start="0.037" width="0.001" count="799" />
        <bin index="38" start="0.038" width="0.001" count="559" />
        <bin index="39" start="0.039" width="0.001" count="567" />
        <bin index="40" start="0.04" width="0.001" count="452" />
        <bin index="41" start="0.041" width="0.001" count="366" />
        <bin index="42" start="0.042" width="0.001" count="427" />
        <bin index="43" start="0.043" width="0.001" count="331" />
        <bin index="44" start="0.044" width="0.001" count="371" />
        <bin index="45" start="0.045" width="0.001" count="426" />
        <bin index="46" start="0.046" width="0.001" count="478" />
        <bin index="47" start="0.047" width="0.001" count="547" />
        <bin index="48" start="0.048" width="0.001" count="600" />
        <bin index="49" start="0.049" width="0.001" count="659" />
        <bin index="50" start="0.05" width="0.001" count="571" />
        <bin index="51" start="0.051" width="0.001" count="478" />
        <bin index="52" start="0.052" width="0.001" count="539" />
        <bin index="53" start="0.053" width="0.001" count="857" />
        <bin index="54" start="0.054" width="0.001" count="740" />
        <bin index="55" start="0.055" width="0.001" count="750" />
        <bin index="56" start="0.056" width="0.001" count="692" />
        <bin index="57" start="0.057" width="0.001" count="705" />
        <bin index="58" start="0.058" width="0.001" count="947" />
        <bin index="59" start="0.059" width="0.001" count="596" />
        <bin index="60" start="0.06" width="0.001" count="734" />
        <bin index="61" start="0.061" width="0.001" count="652" />
        <bin index="62" start="0.062" width="0.001" count="729" />
        <bin index="63" start="0.063" width="0.001" count="967" />
        <bin index="64" start="0.064" width="0.001" count="653" />
        <bin index="65" start="0.065" width="0.001" count="662" />
        <bin index="66" start="0.066" width="0.001" count="594" />
        <bin index="67" start="0.067" width="0.001" count="476" />
        <bin index="68" start="0.068" width="0.001" count="470" />
        <bin index="69" start="0.069" width="0.001" count="590" />
        <bin index="70" start="0.07" width="0.001" count="911" />
        <bin index="71" start="0.071" width="0.001" count="781" />
        <bin index="72" start="0.072" width="0.001" count="731" />
        <bin index="73" start="0.073" width="0.001" count="552" />
        <bin index="74" start="0.074" width="0.001" count="787" />
        <bin index="75" start="0.075" width="0.001" count="562" />
        <bin index="76" start="0.076" width="0.001" count="464" />
        <bin index="77" start="0.077" width="0.001" count="500" />
        <bin index="78" start="0.078" width="0.001" count="341" />
        <bin index="79" start="0.079" width="0.001" count="133" />
        <bin index="80" start="0.08" width="0.001" count="99" />
        <bin index="81" start="0.081" width="0.001" count="85" />
        <bin index="82" start="0.082" width="0.001" count="45" />
        <bin index="83" start="0.083" width="0.001" count="7" />
        <bin index="84" start="0.084" width="0.001" count="3" />
        <bin index="85" start="0.085" width="0.001" count="6" />
        <bin index="86" start="0.086" width="0.001" count="3" />
        <bin index="87" start="0.087" width="0.001" count="3" />
        <bin index="88" start="0.088" width="0.001" count="3" />
        <bin index="89" start="0.089" width="0.001" count="3" />
        <bin index="90" start="0.09" width="0.001" count="8" />
        <bin index="91" start="0.091" width="0.001" count="11" />
        <bin index="92" start="0.092" width="0.001" count="10" />
        <bin index="93" start="0.093" width="0.001" count="12" />
        <bin index="94" start="0.094" width="0.001" count="10" />
        <bin index="95" start="0.095" width="0.001" count="12" />
        <bin index="96" start="0.096" width="0.001" count="14" />
        <bin index="97" start="0.097" width="0.001" count="14" />
        <bin index="98" start="0.098" width="0.001" count="10" />
        <bin index="99" start="0.099" width="0.001" count="16" />
        <bin index="100" start="0.1" width="0.001" count="10" />
        <bin index="101" start="0.101" width="0.001" count="15" />
        <bin index="102" start="0.102" width="0.001" count="12" />
        <bin index="103" start="0.103" width="0.001" count="12" />
        <bin index="104" start="0.104" width="0.001" count="155" />
      </delayHistogram>
      <jitterHistogram nBins="85" >
        <bin index="0" start="0" width="0.001" count="32651" />
        <bin index="1" start="0.001" width="0.001" count="352" />
        <bin index="2" start="0.002" width="0.001" count="1269" />
        <bin index="3" start="0.003" width="0.001" count="139" />
        <bin index="4" start="0.004" width="0.001" count="222" />
        <bin index="5" start="0.005" width="0.001" count="34" />
        <bin index="6" start="0.006" width="0.001" count="7" />
        <bin index="7" start="0.007" width="0.001" count="7" />
        <bin index="8" start="0.008" width="0.001" count="1" />
        <bin index="9" start="0.009" width="0.001" count="8" />
        <bin index="10" start="0.01" width="0.001" count="3" />
        <bin index="11" start="0.011" width="0.001" count="3" />
        <bin index="12" start="0.012" width="0.001" count="2" />
        <bin index="13" start="0.013" width="0.001" count="8" />
        <bin index="14" start="0.014" width="0.001" count="5" />
        <bin index="16" start="0.016" width="0.001" count="4" />
        <bin index="17" start="0.017" width="0.001" count="3" />
        <bin index="18" start="0.018" width="0.001" count="4" />
        <bin index="20" start="0.02" width="0.001" count="1" />
        <bin index="21" start="0.021" width="0.001" count="1" />
        <bin index="22" start="0.022" width="0.001" count="5" />
        <bin index="23" start="0.023" width="0.001" count="3" />
        <bin index="24" start="0.024" width="0.001" count="10" />
        <bin index="25" start="0.025" width="0.001" count="5" />
        <bin index="26" start="0.026" width="0.001" count="6" />
        <bin index="27" start="0.027" width="0.001" count="4" />
        <bin index="28" start="0.028" width="0.001" count="3" />
        <bin index="29" start="0.029" width="0.001" count="4" />
        <bin index="30" start="0.03" width="0.001" count="1" />
        <bin index="31" start="0.031" width="0.001" count="3" />
        <bin index="35" start="0.035" width="0.001" count="1" />
        <bin index="36" start="0.036" width="0.001" count="2" />
        <bin index="37" start="0.037" width="0.001" count="1" />
        <bin index="38" start="0.038" width="0.001" count="2" />
        <bin index="43" start="0.043" width="0.001" count="1" />
        <bin index="46" start="0.046" width="0.001" count="1" />
        <bin index="47" start="0.047" width="0.001" count="1" />
        <bin index="51" start="0.051" width="0.001" count="1" />
        <bin index="52" start="0.052" width="0.001" count="1" />
        <bin index="54" start="0.054" width="0.001" count="1" />
        <bin index="55" start="0.055" width="0.001" count="1" />
        <bin index="56" start="0.056" width="0.001" count="2" />
        <bin index="61" start="0.061" width="0.001" count="2" />
        <bin index="65" start="0.065" width="0.001" count="2" />
        <bin index="66" start="0.066" width="0.001" count="1" />
        <bin index="67" start="0.067" width="0.001" count="1" />
        <bin index="68" start="0.068" width="0.001" count="1" />
        <bin index="71" start="0.071" width="0.001" count="1" />
        <bin index="84" start="0.084" width="0.001" count="1" />
      </jitterHistogram>
      <packetSizeHistogram nBins="53" >
        <bin index="2" start="40" width="20" count="4" />
        <bin index="52" start="1040" width="20" count="34789" />
      </packetSizeHistogram>
      <flowInterruptionsHistogram nBins="8" >
        <bin index="2" start="0.5" width="0.25" count="8" />
        <bin index="3" start="0.75" width="0.25" count="4" />
        <bin index="4" start="1" width="0.25" count="7" />
        <bin index="5" start="1.25" width="0.25" count="2" />
        <bin index="6" start="1.5" width="0.25" count="1" />
        <bin index="7" start="1.75" width="0.25" count="2" />
      </flowInterruptionsHistogram>
    </Flow>
    <Flow flowId="3" timeFirstTxPacket="+105151038.0ns" timeFirstRxPacket="+110302076.0ns" timeLastTxPacket="+60098868843.0ns" timeLastRxPacket="+60098957162.0ns" delaySum="+363050337371.0ns" jitterSum="+12606956027.0ns" lastDelay="+5147519.0ns" txBytes="979840" rxBytes="979372" txPackets="18843" rxPackets="18834" lostPackets="6" timesForwarded="18834">
      <packetsDropped reasonCode="0" number="0" />
      <packetsDropped reasonCode="1" number="0" />
      <packetsDropped reasonCode="2" number="0" />
      <packetsDropped reasonCode="3" number="0" />
      <packetsDropped reasonCode="4" number="6" />
      <bytesDropped reasonCode="0" bytes="0" />
      <bytesDropped reasonCode="1" bytes="0" />
      <bytesDropped reasonCode="2" bytes="0" />
      <bytesDropped reasonCode="3" bytes="0" />
      <bytesDropped reasonCode="4" bytes="312" />
      <delayHistogram nBins="81" >
        <bin index="5" start="0.005" width="0.001" count="11723" />
        <bin index="6" start="0.006" width="0.001" count="335" />
        <bin index="7" start="0.007" width="0.001" count="88" />
        <bin index="8" start="0.008" width="0.001" count="92" />
        <bin index="9" start="0.009" width="0.001" count="90" />
        <bin index="10" start="0.01" width="0.001" count="131" />
        <bin index="11" start="0.011" width="0.001" count="94" />
        <bin index="12" start="0.012" width="0.001" count="94" />
        <bin index="13" start="0.013" width="0.001" count="79" />
        <bin index="14" start="0.014" width="0.001" count="88" />
        <bin index="15" start="0.015" width="0.001" count="107" />
        <bin index="16" start="0.016" width="0.001" count="82" />
        <bin index="17" start="0.017" width="0.001" count="80" />
        <bin index="18" start="0.018" width="0.001" count="68" />
        <bin index="19" start="0.019" width="0.001" count="101" />
        <bin index="20" start="0.02" width="0.001" count="79" />
        <bin index="21" start="0.021" width="0.001" count="68" />
        <bin index="22" start="0.022" width="0.001" count="87" />
        <bin index="23" start="0.023" width="0.001" count="65" />
        <bin index="24" start="0.024" width="0.001" count="108" />
        <bin index="25" start="0.025" width="0.001" count="70" />
        <bin index="26" start="0.026" width="0.001" count="71" />
        <bin index="27" start="0.027" width="0.001" count="75" />
        <bin index="28" start="0.028" width="0.001" count="56" />
        <bin index="29" start="0.029" width="0.001" count="86" />
        <bin index="30" start="0.03" width="0.001" count="57" />
        <bin index="31" start="0.031" width="0.001" count="53" />
        <bin index="32" start="0.032" width="0.001" count="44" />
        <bin index="33" start="0.033" width="0.001" count="47" />
        <bin index="34" start="0.034" width="0.001" count="40" />
        <bin index="35" start="0.035" width="0.001" count="57" />
        <bin index="36" start="0.036" width="0.001" count="59" />
        <bin index="37" start="0.037" width="0.001" count="61" />
        <bin index="38" start="0.038" width="0.001" count="65" />
        <bin index="39" start="0.039" width="0.001" count="73" />
        <bin index="40" start="0.04" width="0.001" count="82" />
        <bin index="41" start="0.041" width="0.001" count="96" />
        <bin index="42" start="0.042" width="0.001" count="82" />
        <bin index="43" start="0.043" width="0.001" count="103" />
        <bin index="44" start="0.044" width="0.001" count="97" />
        <bin index="45" start="0.045" width="0.001" count="114" />
        <bin index="46" start="0.046" width="0.001" count="124" />
        <bin index="47" start="0.047" width="0.001" count="134" />
        <bin index="48" start="0.048" width="0.001" count="151" />
        <bin index="49" start="0.049" width="0.001" count="154" />
        <bin index="50" start="0.05" width="0.001" count="166" />
        <bin index="51" start="0.051" width="0.001" count="163" />
        <bin index="52" start="0.052" width="0.001" count="163" />
        <bin index="53" start="0.053" width="0.001" count="150" />
        <bin index="54" start="0.054" width="0.001" count="116" />
        <bin index="55" start="0.055" width="0.001" count="115" />
        <bin index="56" start="0.056" width="0.001" count="119" />
        <bin index="57" start="0.057" width="0.001" count="104" />
        <bin index="58" start="0.058" width="0.001" count="105" />
        <bin index="59" start="0.059" width="0.001" count="96" />
        <bin index="60" start="0.06" width="0.001" count="101" />
        <bin index="61" start="0.061" width="0.001" count="126" />
        <bin index="62" start="0.062" width="0.001" count="154" />
        <bin index="63" start="0.063" width="0.001" count="149" />
        <bin index="64" start="0.064" width="0.001" count="147" />
        <bin index="65" start="0.065" width="0.001" count="131" />
        <bin index="66" start="0.066" width="0.001" count="113" />
        <bin index="67" start="0.067" width="0.001" count="140" />
        <bin index="68" start="0.068" width="0.001" count="113" />
        <bin index="69" start="0.069" width="0.001" count="126" />
        <bin index="70" start="0.07" width="0.001" count="81" />
        <bin index="71" start="0.071" width="0.001" count="69" />
        <bin index="72" start="0.072" width="0.001" count="63" />
        <bin index="73" start="0.073" width="0.001" count="54" />
        <bin index="74" start="0.074" width="0.001" count="73" />
        <bin index="75" start="0.075" width="0.001" count="46" />
        <bin index="76" start="0.076" width="0.001" count="69" />
        <bin index="77" start="0.077" width="0.001" count="40" />
        <bin index="78" start="0.078" width="0.001" count="18" />
        <bin index="79" start="0.079" width="0.001" count="7" />
        <bin index="80" start="0.08" width="0.001" count="7" />
      </delayHistogram>
      <jitterHistogram nBins="73" >
        <bin index="0" start="0" width="0.001" count="14086" />
        <bin index="1" start="0.001" width="0.001" count="4314" />
        <bin index="2" start="0.002" width="0.001" count="112" />
        <bin index="3" start="0.003" width="0.001" count="127" />
        <bin index="4" start="0.004" width="0.001" count="24" />
        <bin index="5" start="0.005" width="0.001" count="8" />
        <bin index="6" start="0.006" width="0.001" count="7" />
        <bin index="7" start="0.007" width="0.001" count="2" />
        <bin index="8" start="0.008" width="0.001" count="6" />
        <bin index="9" start="0.009" width="0.001" count="12" />
        <bin index="10" start="0.01" width="0.001" count="4" />
        <bin index="11" start="0.011" width="0.001" count="7" />
        <bin index="12" start="0.012" width="0.001" count="1" />
        <bin index="13" start="0.013" width="0.001" count="6" />
        <bin index="14" start="0.014" width="0.001" count="1" />
        <bin index="16" start="0.016" width="0.001" count="2" />
        <bin index="17" start="0.017" width="0.001" count="2" />
        <bin index="19" start="0.019" width="0.001" count="1" />
        <bin index="20" start="0.02" width="0.001" count="4" />
        <bin index="21" start="0.021" width="0.001" count="13" />
        <bin index="22" start="0.022" width="0.001" count="8" />
        <bin index="23" start="0.023" width="0.001" count="4" />
        <bin index="24" start="0.024" width="0.001" count="10" />
        <bin index="25" start="0.025" width="0.001" count="7" />
        <bin index="26" start="0.026" width="0.001" count="8" />
        <bin index="27" start="0.027" width="0.001" count="6" />
        <bin index="28" start="0.028" width="0.001" count="3" />
        <bin index="29" start="0.029" width="0.001" count="5" />
        <bin index="30" start="0.03" width="0.001" count="6" />
        <bin index="31" start="0.031" width="0.001" count="2" />
        <bin index="32" start="0.032" width="0.001" count="6" />
        <bin index="33" start="0.033" width="0.001" count="4" />
        <bin index="34" start="0.034" width="0.001" count="2" />
        <bin index="35" start="0.035" width="0.001" count="3" />
        <bin index="36" start="0.036" width="0.001" count="4" />
        <bin index="37" start="0.037" width="0.001" count="1" />
        <bin index="38" start="0.038" width="0.001" count="1" />
        <bin index="39" start="0.039" width="0.001" count="1" />
        <bin index="41" start="0.041" width="0.001" count="1" />
        <bin index="42" start="0.042" width="0.001" count="1" />
        <bin index="43" start="0.043" width="0.001" count="1" />
        <bin index="46" start="0.046" width="0.001" count="2" />
        <bin index="49" start="0.049" width="0.001" count="1" />
        <bin index="52" start="0.052" width="0.001" count="1" />
        <bin index="58" start="0.058" width="0.001" count="1" />
        <bin index="59" start="0.059" width="0.001" count="1" />
        <bin index="64" start="0.064" width="0.001" count="1" />
        <bin index="65" start="0.065" width="0.001" count="1" />
        <bin index="66" start="0.066" width="0.001" count="1" />
        <bin index="72" start="0.072" width="0.001" count="1" />
      </jitterHistogram>
      <packetSizeHistogram nBins="3" >
        <bin index="2" start="40" width="20" count="18834" />
      </packetSizeHistogram>
      <flowInterruptionsHistogram nBins="8" >
        <bin index="2" start="0.5" width="0.25" count="5" />
        <bin index="3" start="0.75" width="0.25" count="9" />
        <bin index="4" start="1" width="0.25" count="2" />
        <bin index="6" start="1.5" width="0.25" count="1" />
        <bin index="7" start="1.75" width="0.25" count="1" />
      </flowInterruptionsHistogram>
    </Flow>
    <Flow flowId="4" timeFirstTxPacket="+105151038.0ns" timeFirstRxPacket="+110302076.0ns" timeLastTxPacket="+60005145993.0ns" timeLastRxPacket="+60063454443.0ns" delaySum="+287644872622.0ns" jitterSum="+13098741886.0ns" lastDelay="+58308450.0ns" txBytes="922640" rxBytes="922380" txPackets="17743" rxPackets="17738" lostPackets="5" timesForwarded="17738">
      <packetsDropped reasonCode="0" number="0" />
      <packetsDropped reasonCode="1" number="0" />
      <packetsDropped reasonCode="2" number="0" />
      <packetsDropped reasonCode="3" number="0" />
      <packetsDropped reasonCode="4" number="5" />
      <bytesDropped reasonCode="0" bytes="0" />
      <bytesDropped reasonCode="1" bytes="0" />
      <bytesDropped reasonCode="2" bytes="0" />
      <bytesDropped reasonCode="3" bytes="0" />
      <bytesDropped reasonCode="4" bytes="260" />
      <delayHistogram nBins="103" >
        <bin index="5" start="0.005" width="0.001" count="10644" />
        <bin index="6" start="0.006" width="0.001" count="565" />
        <bin index="7" start="0.007" width="0.001" count="161" />
        <bin index="8" start="0.008" width="0.001" count="154" />
        <bin index="9" start="0.009" width="0.001" count="155" />
        <bin index="10" start="0.01" width="0.001" count="239" />
        <bin index="11" start="0.011" width="0.001" count="141" />
        <bin index="12" start="0.012" width="0.001" count="138" />
        <bin index="13" start="0.013" width="0.001" count="144" />
        <bin index="14" start="0.014" width="0.001" count="143" />
        <bin index="15" start="0.015" width="0.001" count="232" />
        <bin index="16" start="0.016" width="0.001" count="150" />
        <bin index="17" start="0.017" width="0.001" count="145" />
        <bin index="18" start="0.018" width="0.001" count="133" />
        <bin index="19" start="0.019" width="0.001" count="180" />
        <bin index="20" start="0.02" width="0.001" count="148" />
        <bin index="21" start="0.021" width="0.001" count="119" />
        <bin index="22" start="0.022" width="0.001" count="126" />
        <bin index="23" start="0.023" width="0.001" count="123" />
        <bin index="24" start="0.024" width="0.001" count="197" />
        <bin index="25" start="0.025" width="0.001" count="128" />
        <bin index="26" start="0.026" width="0.001" count="115" />
        <bin index="27" start="0.027" width="0.001" count="118" />
        <bin index="28" start="0.028" width="0.001" count="118" />
        <bin index="29" start="0.029" width="0.001" count="164" />
        <bin index="30" start="0.03" width="0.001" count="99" />
        <bin index="31" start="0.031" width="0.001" count="82" />
        <bin index="32" start="0.032" width="0.001" count="81" />
        <bin index="33" start="0.033" width="0.001" count="110" />
        <bin index="34" start="0.034" width="0.001" count="56" />
        <bin index="35" start="0.035" width="0.001" count="76" />
        <bin index="36" start="0.036" width="0.001" count="53" />
        <bin index="37" start="0.037" width="0.001" count="65" />
        <bin index="38" start="0.038" width="0.001" count="68" />
        <bin index="39" start="0.039" width="0.001" count="44" />
        <bin index="40" start="0.04" width="0.001" count="46" />
        <bin index="41" start="0.041" width="0.001" count="59" />
        <bin index="42" start="0.042" width="0.001" count="67" />
        <bin index="43" start="0.043" width="0.001" count="49" />
        <bin index="44" start="0.044" width="0.001" count="45" />
        <bin index="45" start="0.045" width="0.001" count="45" />
        <bin index="46" start="0.046" width="0.001" count="39" />
        <bin index="47" start="0.047" width="0.001" count="55" />
        <bin index="48" start="0.048" width="0.001" count="35" />
        <bin index="49" start="0.049" width="0.001" count="58" />
        <bin index="50" start="0.05" width="0.001" count="64" />
        <bin index="51" start="0.051" width="0.001" count="48" />
        <bin index="52" start="0.052" width="0.001" count="79" />
        <bin index="53" start="0.053" width="0.001" count="56" />
        <bin index="54" start="0.054" width="0.001" count="67" />
        <bin index="55" start="0.055" width="0.001" count="65" />
        <bin index="56" start="0.056" width="0.001" count="42" />
        <bin index="57" start="0.057" width="0.001" count="75" />
        <bin index="58" start="0.058" width="0.001" count="57" />
        <bin index="59" start="0.059" width="0.001" count="54" />
        <bin index="60" start="0.06" width="0.001" count="57" />
        <bin index="61" start="0.061" width="0.001" count="45" />
        <bin index="62" start="0.062" width="0.001" count="45" />
        <bin index="63" start="0.063" width="0.001" count="58" />
        <bin index="64" start="0.064" width="0.001" count="44" />
        <bin index="65" start="0.065" width="0.001" count="59" />
        <bin index="66" start="0.066" width="0.001" count="67" />
        <bin index="67" start="0.067" width="0.001" count="63" />
        <bin index="68" start="0.068" width="0.001" count="71" />
        <bin index="69" start="0.069" width="0.001" count="62" />
        <bin index="70" start="0.07" width="0.001" count="70" />
        <bin index="71" start="0.071" width="0.001" count="77" />
        <bin index="72" start="0.072" width="0.001" count="50" />
        <bin index="73" start="0.073" width="0.001" count="94" />
        <bin index="74" start="0.074" width="0.001" count="74" />
        <bin index="75" start="0.075" width="0.001" count="76" />
        <bin index="76" start="0.076" width="0.001" count="56" />
        <bin index="77" start="0.077" width="0.001" count="37" />
        <bin index="78" start="0.078" width="0.001" count="24" />
        <bin index="79" start="0.079" width="0.001" count="19" />
        <bin index="80" start="0.08" width="0.001" count="28" />
        <bin index="81" start="0.081" width="0.001" count="11" />
        <bin index="82" start="0.082" width="0.001" count="7" />
        <bin index="83" start="0.083" width="0.001" count="8" />
        <bin index="84" start="0.084" width="0.001" count="4" />
        <bin index="85" start="0.085" width="0.001" count="3" />
        <bin index="86" start="0.086" width="0.001" count="2" />
        <bin index="89" start="0.089" width="0.001" count="1" />
        <bin index="91" start="0.091" width="0.001" count="2" />
        <bin index="92" start="0.092" width="0.001" count="2" />
        <bin index="99" start="0.099" width="0.001" count="1" />
        <bin index="101" start="0.101" width="0.001" count="1" />
        <bin index="102" start="0.102" width="0.001" count="1" />
      </delayHistogram>
      <jitterHistogram nBins="73" >
        <bin index="0" start="0" width="0.001" count="12523" />
        <bin index="1" start="0.001" width="0.001" count="4598" />
        <bin index="2" start="0.002" width="0.001" count="194" />
        <bin index="3" start="0.003" width="0.001" count="242" />
        <bin index="4" start="0.004" width="0.001" count="57" />
        <bin index="5" start="0.005" width="0.001" count="7" />
        <bin index="6" start="0.006" width="0.001" count="10" />
        <bin index="7" start="0.007" width="0.001" count="2" />
        <bin index="8" start="0.008" width="0.001" count="2" />
        <bin index="9" start="0.009" width="0.001" count="2" />
        <bin index="10" start="0.01" width="0.001" count="2" />
        <bin index="11" start="0.011" width="0.001" count="4" />
        <bin index="12" start="0.012" width="0.001" count="2" />
        <bin index="13" start="0.013" width="0.001" count="8" />
        <bin index="14" start="0.014" width="0.001" count="2" />
        <bin index="15" start="0.015" width="0.001" count="2" />
        <bin index="16" start="0.016" width="0.001" count="3" />
        <bin index="17" start="0.017" width="0.001" count="3" />
        <bin index="18" start="0.018" width="0.001" count="2" />
        <bin index="19" start="0.019" width="0.001" count="1" />
        <bin index="21" start="0.021" width="0.001" count="2" />
        <bin index="22" start="0.022" width="0.001" count="1" />
        <bin index="23" start="0.023" width="0.001" count="13" />
        <bin index="24" start="0.024" width="0.001" count="5" />
        <bin index="25" start="0.025" width="0.001" count="7" />
        <bin index="26" start="0.026" width="0.001" count="3" />
        <bin index="27" start="0.027" width="0.001" count="2" />
        <bin index="28" start="0.028" width="0.001" count="1" />
        <bin index="29" start="0.029" width="0.001" count="3" />
        <bin index="30" start="0.03" width="0.001" count="3" />
        <bin index="31" start="0.031" width="0.001" count="2" />
        <bin index="33" start="0.033" width="0.001" count="3" />
        <bin index="34" start="0.034" width="0.001" count="1" />
        <bin index="35" start="0.035" width="0.001" count="2" />
        <bin index="36" start="0.036" width="0.001" count="1" />
        <bin index="37" start="0.037" width="0.001" count="5" />
        <bin index="38" start="0.038" width="0.001" count="1" />
        <bin index="39" start="0.039" width="0.001" count="1" />
        <bin index="43" start="0.043" width="0.001" count="2" />
        <bin index="47" start="0.047" width="0.001" count="2" />
        <bin index="51" start="0.051" width="0.001" count="1" />
        <bin index="54" start="0.054" width="0.001" count="2" />
        <bin index="55" start="0.055" width="0.001" count="1" />
        <bin index="58" start="0.058" width="0.001" count="1" />
        <bin index="60" start="0.06" width="0.001" count="1" />
        <bin index="63" start="0.063" width="0.001" count="1" />
        <bin index="64" start="0.064" width="0.001" count="1" />
        <bin index="65" start="0.065" width="0.001" count="1" />
        <bin index="68" start="0.068" width="0.001" count="1" />
        <bin index="72" start="0.072" width="0.001" count="1" />
      </jitterHistogram>
      <packetSizeHistogram nBins="3" >
        <bin index="2" start="40" width="20" count="17738" />
      </packetSizeHistogram>
      <flowInterruptionsHistogram nBins="8" >
        <bin index="2" start="0.5" width="0.25" count="4" />
        <bin index="3" start="0.75" width="0.25" count="9" />
        <bin index="4" start="1" width="0.25" count="3" />
        <bin index="5" start="1.25" width="0.25" count="1" />
        <bin index="6" start="1.5" width="0.25" count="1" />
        <bin index="7" start="1.75" width="0.25" count="2" />
      </flowInterruptionsHistogram>
    </Flow>
  </FlowStats>
  <Ipv4FlowClassifier>
    <Flow flowId="4" sourceAddress="192.168.1.1" destinationAddress="192.168.2.2" protocol="6" sourcePort="8" destinationPort="49153" />
    <Flow flowId="1" sourceAddress="192.168.1.1" destinationAddress="192.168.2.2" protocol="6" sourcePort="49153" destinationPort="7" />
    <Flow flowId="3" sourceAddress="192.168.2.2" destinationAddress="192.168.1.1" protocol="6" sourcePort="7" destinationPort="49153" />
    <Flow flowId="2" sourceAddress="192.168.2.2" destinationAddress="192.168.1.1" protocol="6" sourcePort="49153" destinationPort="8" />
  </Ipv4FlowClassifier>
  <Ipv6FlowClassifier>
  </Ipv6FlowClassifier>
  <FlowProbes>
    <FlowProbe index="0">
      <FlowStats  flowId="1" packets="37037" bytes="38960928" delayFromFirstProbeSum="+0.0ns" >
      </FlowStats>
      <FlowStats  flowId="2" packets="34793" bytes="36598240" delayFromFirstProbeSum="+1738210240683.0ns" >
      </FlowStats>
      <FlowStats  flowId="3" packets="18834" bytes="979372" delayFromFirstProbeSum="+363050337371.0ns" >
      </FlowStats>
      <FlowStats  flowId="4" packets="17743" bytes="922640" delayFromFirstProbeSum="+0.0ns" >
      </FlowStats>
    </FlowProbe>
    <FlowProbe index="1">
    </FlowProbe>
    <FlowProbe index="2">
      <FlowStats  flowId="1" packets="37037" bytes="38960928" delayFromFirstProbeSum="+11234789791.0ns" >
        <packetsDropped reasonCode="0" number="0" />
        <packetsDropped reasonCode="1" number="0" />
        <packetsDropped reasonCode="2" number="0" />
        <packetsDropped reasonCode="3" number="0" />
        <packetsDropped reasonCode="4" number="37" />
        <bytesDropped reasonCode="0" bytes="0" />
        <bytesDropped reasonCode="1" bytes="0" />
        <bytesDropped reasonCode="2" bytes="0" />
        <bytesDropped reasonCode="3" bytes="0" />
        <bytesDropped reasonCode="4" bytes="38924" />
      </FlowStats>
      <FlowStats  flowId="2" packets="34793" bytes="36598240" delayFromFirstProbeSum="+1731797514607.0ns" >
      </FlowStats>
      <FlowStats  flowId="3" packets="18834" bytes="979372" delayFromFirstProbeSum="+360915313827.0ns" >
      </FlowStats>
      <FlowStats  flowId="4" packets="17743" bytes="922640" delayFromFirstProbeSum="+1884594822.0ns" >
        <packetsDropped reasonCode="0" number="0" />
        <packetsDropped reasonCode="1" number="0" />
        <packetsDropped reasonCode="2" number="0" />
        <packetsDropped reasonCode="3" number="0" />
        <packetsDropped reasonCode="4" number="5" />
        <bytesDropped reasonCode="0" bytes="0" />
        <bytesDropped reasonCode="1" bytes="0" />
        <bytesDropped reasonCode="2" bytes="0" />
        <bytesDropped reasonCode="3" bytes="0" />
        <bytesDropped reasonCode="4" bytes="260" />
      </FlowStats>
    </FlowProbe>
    <FlowProbe index="3">
    </FlowProbe>
    <FlowProbe index="4">
      <FlowStats  flowId="1" packets="36994" bytes="38915692" delayFromFirstProbeSum="+1697526768816.0ns" >
      </FlowStats>
      <FlowStats  flowId="2" packets="34825" bytes="36631904" delayFromFirstProbeSum="+0.0ns" >
        <packetsDropped reasonCode="0" number="0" />
        <packetsDropped reasonCode="1" number="0" />
        <packetsDropped reasonCode="2" number="0" />
        <packetsDropped reasonCode="3" number="0" />
        <packetsDropped reasonCode="4" number="32" />
        <bytesDropped reasonCode="0" bytes="0" />
        <bytesDropped reasonCode="1" bytes="0" />
        <bytesDropped reasonCode="2" bytes="0" />
        <bytesDropped reasonCode="3" bytes="0" />
        <bytesDropped reasonCode="4" bytes="33664" />
      </FlowStats>
      <FlowStats  flowId="3" packets="18843" bytes="979840" delayFromFirstProbeSum="+0.0ns" >
        <packetsDropped reasonCode="0" number="0" />
        <packetsDropped reasonCode="1" number="0" />
        <packetsDropped reasonCode="2" number="0" />
        <packetsDropped reasonCode="3" number="0" />
        <packetsDropped reasonCode="4" number="6" />
        <bytesDropped reasonCode="0" bytes="0" />
        <bytesDropped reasonCode="1" bytes="0" />
        <bytesDropped reasonCode="2" bytes="0" />
        <bytesDropped reasonCode="3" bytes="0" />
        <bytesDropped reasonCode="4" bytes="312" />
      </FlowStats>
      <FlowStats  flowId="4" packets="17738" bytes="922380" delayFromFirstProbeSum="+287644872622.0ns" >
      </FlowStats>
    </FlowProbe>
    <FlowProbe index="5">
    </FlowProbe>
  </FlowProbes>
</FlowMonitor>
