<?xml version="1.0" ?>
<FlowMonitor>
  <FlowStats>
    <Flow flowId="1" timeFirstTxPacket="+100000000.0ns" timeFirstRxPacket="+105151038.0ns" timeLastTxPacket="+60029270764.0ns" timeLastRxPacket="+60099582443.0ns" delaySum="+1917706579964.0ns" jitterSum="+38617751269.0ns" lastDelay="+75457279.0ns" txBytes="40709352" rxBytes="40674636" txPackets="38699" rxPackets="38666" lostPackets="27" timesForwarded="38666">
      <packetsDropped reasonCode="0" number="0" />
      <packetsDropped reasonCode="1" number="0" />
      <packetsDropped reasonCode="2" number="0" />
      <packetsDropped reasonCode="3" number="0" />
      <packetsDropped reasonCode="4" number="27" />
      <bytesDropped reasonCode="0" bytes="0" />
      <bytesDropped reasonCode="1" bytes="0" />
      <bytesDropped reasonCode="2" bytes="0" />
      <bytesDropped reasonCode="3" bytes="0" />
      <bytesDropped reasonCode="4" bytes="28404" />
      <delayHistogram nBins="105" >
        <bin index="5" start="0.005" width="0.001" count="2" />
        <bin index="6" start="0.006" width="0.001" count="717" />
        <bin index="7" start="0.007" width="0.001" count="272" />
        <bin index="8" start="0.008" width="0.001" count="273" />
        <bin index="9" start="0.009" width="0.001" count="263" />
        <bin index="10" start="0.01" width="0.001" count="383" />
        <bin index="11" start="0.011" width="0.001" count="298" />
        <bin index="12" start="0.012" width="0.001" count="230" />
        <bin index="13" start="0.013" width="0.001" count="222" />
        <bin index="14" start="0.014" width="0.001" count="224" />
        <bin index="15" start="0.015" width="0.001" count="347" />
        <bin index="16" start="0.016" width="0.001" count="250" />
        <bin index="17" start="0.017" width="0.001" count="246" />
        <bin index="18" start="0.018" width="0.001" count="219" />
        <bin index="19" start="0.019" width="0.001" count="227" />
        <bin index="20" start="0.02" width="0.001" count="367" />
        <bin index="21" start="0.021" width="0.001" count="254" />
        <bin index="22" start="0.022" width="0.001" count="230" />
        <bin index="23" start="0.023" width="0.001" count="234" />
        <bin index="24" start="0.024" width="0.001" count="338" />
        <bin index="25" start="0.025" width="0.001" count="267" />
        <bin index="26" start="0.026" width="0.001" count="269" />
        <bin index="27" start="0.027" width="0.001" count="232" />
        <bin index="28" start="0.028" width="0.001" count="240" />
        <bin index="29" start="0.029" width="0.001" count="326" />
        <bin index="30" start="0.03" width="0.001" count="233" />
        <bin index="31" start="0.031" width="0.001" count="212" />
        <bin index="32" start="0.032" width="0.001" count="213" />
        <bin index="33" start="0.033" width="0.001" count="264" />
        <bin index="34" start="0.034" width="0.001" count="245" />
        <bin index="35" start="0.035" width="0.001" count="269" />
        <bin index="36" start="0.036" width="0.001" count="383" />
        <bin index="37" start="0.037" width="0.001" count="825" />
        <bin index="38" start="0.038" width="0.001" count="567" />
        <bin index="39" start="0.039" width="0.001" count="619" />
        <bin index="40" start="0.04" width="0.001" count="611" />
        <bin index="41" start="0.041" width="0.001" count="536" />
        <bin index="42" start="0.042" width="0.001" count="747" />
        <bin index="43" start="0.043" width="0.001" count="552" />
        <bin index="44" start="0.044" width="0.001" count="553" />
        <bin index="45" start="0.045" width="0.001" count="531" />
        <bin index="46" start="0.046" width="0.001" count="497" />
        <bin index="47" start="0.047" width="0.001" count="1040" />
        <bin index="48" start="0.048" width="0.001" count="800" />
        <bin index="49" start="0.049" width="0.001" count="697" />
        <bin index="50" start="0.05" width="0.001" count="597" />
        <bin index="51" start="0.051" width="0.001" count="716" />
        <bin index="52" start="0.052" width="0.001" count="879" />
        <bin index="53" start="0.053" width="0.001" count="1295" />
        <bin index="54" start="0.054" width="0.001" count="777" />
        <bin index="55" start="0.055" width="0.001" count="627" />
        <bin index="56" start="0.056" width="0.001" count="650" />
        <bin index="57" start="0.057" width="0.001" count="758" />
        <bin index="58" start="0.058" width="0.001" count="1025" />
        <bin index="59" start="0.059" width="0.001" count="592" />
        <bin index="60" start="0.06" width="0.001" count="753" />
        <bin index="61" start="0.061" width="0.001" count="897" />
        <bin index="62" start="0.062" width="0.001" count="861" />
        <bin index="63" start="0.063" width="0.001" count="797" />
        <bin index="64" start="0.064" width="0.001" count="921" />
        <bin index="65" start="0.065" width="0.001" count="803" />
        <bin index="66" start="0.066" width="0.001" count="707" />
        <bin index="67" start="0.067" width="0.001" count="675" />
        <bin index="68" start="0.068" width="0.001" count="794" />
        <bin index="69" start="0.069" width="0.001" count="1417" />
        <bin index="70" start="0.07" width="0.001" count="668" />
        <bin index="71" start="0.071" width="0.001" count="397" />
        <bin index="72" start="0.072" width="0.001" count="448" />
        <bin index="73" start="0.073" width="0.001" count="438" />
        <bin index="74" start="0.074" width="0.001" count="835" />
        <bin index="75" start="0.075" width="0.001" count="360" />
        <bin index="76" start="0.076" width="0.001" count="262" />
        <bin index="77" start="0.077" width="0.001" count="347" />
        <bin index="78" start="0.078" width="0.001" count="315" />
        <bin index="79" start="0.079" width="0.001" count="252" />
        <bin index="80" start="0.08" width="0.001" count="142" />
        <bin index="81" start="0.081" width="0.001" count="27" />
        <bin index="82" start="0.082" width="0.001" count="22" />
        <bin index="83" start="0.083" width="0.001" count="9" />
        <bin index="84" start="0.084" width="0.001" count="3" />
        <bin index="85" start="0.085" width="0.001" count="7" />
        <bin index="86" start="0.086" width="0.001" count="3" />
        <bin index="87" start="0.087" width="0.001" count="3" />
        <bin index="88" start="0.088" width="0.001" count="3" />
        <bin index="89" start="0.089" width="0.001" count="3" />
        <bin index="90" start="0.09" width="0.001" count="3" />
        <bin index="91" start="0.091" width="0.001" count="7" />
        <bin index="92" start="0.092" width="0.001" count="6" />
        <bin index="93" start="0.093" width="0.001" count="12" />
        <bin index="94" start="0.094" width="0.001" count="10" />
        <bin index="95" start="0.095" width="0.001" count="11" />
        <bin index="96" start="0.096" width="0.001" count="18" />
        <bin index="97" start="0.097" width="0.001" count="15" />
        <bin index="98" start="0.098" width="0.001" count="15" />
        <bin index="99" start="0.099" width="0.001" count="14" />
        <bin index="100" start="0.1" width="0.001" count="13" />
        <bin index="101" start="0.101" width="0.001" count="14" />
        <bin index="102" start="0.102" width="0.001" count="20" />
        <bin index="103" start="0.103" width="0.001" count="8" />
        <bin index="104" start="0.104" width="0.001" count="91" />
      </delayHistogram>
      <jitterHistogram nBins="71" >
        <bin index="0" start="0" width="0.001" count="36855" />
        <bin index="1" start="0.001" width="0.001" count="330" />
        <bin index="2" start="0.002" width="0.001" count="1025" />
        <bin index="3" start="0.003" width="0.001" count="111" />
        <bin index="4" start="0.004" width="0.001" count="134" />
        <bin index="5" start="0.005" width="0.001" count="10" />
        <bin index="6" start="0.006" width="0.001" count="4" />
        <bin index="7" start="0.007" width="0.001" count="4" />
        <bin index="8" start="0.008" width="0.001" count="1" />
        <bin index="9" start="0.009" width="0.001" count="3" />
        <bin index="10" start="0.01" width="0.001" count="5" />
        <bin index="11" start="0.011" width="0.001" count="3" />
        <bin index="12" start="0.012" width="0.001" count="11" />
        <bin index="13" start="0.013" width="0.001" count="11" />
        <bin index="14" start="0.014" width="0.001" count="10" />
        <bin index="15" start="0.015" width="0.001" count="7" />
        <bin index="16" start="0.016" width="0.001" count="7" />
        <bin index="17" start="0.017" width="0.001" count="2" />
        <bin index="18" start="0.018" width="0.001" count="9" />
        <bin index="20" start="0.02" width="0.001" count="7" />
        <bin index="21" start="0.021" width="0.001" count="4" />
        <bin index="22" start="0.022" width="0.001" count="2" />
        <bin index="23" start="0.023" width="0.001" count="9" />
        <bin index="24" start="0.024" width="0.001" count="6" />
        <bin index="25" start="0.025" width="0.001" count="3" />
        <bin index="26" start="0.026" width="0.001" count="6" />
        <bin index="27" start="0.027" width="0.001" count="16" />
        <bin index="28" start="0.028" width="0.001" count="15" />
        <bin index="29" start="0.029" width="0.001" count="7" />
        <bin index="30" start="0.03" width="0.001" count="2" />
        <bin index="31" start="0.031" width="0.001" count="5" />
        <bin index="32" start="0.032" width="0.001" count="6" />
        <bin index="33" start="0.033" width="0.001" count="1" />
        <bin index="34" start="0.034" width="0.001" count="4" />
        <bin index="35" start="0.035" width="0.001" count="1" />
        <bin index="36" start="0.036" width="0.001" count="2" />
        <bin index="40" start="0.04" width="0.001" count="1" />
        <bin index="41" start="0.041" width="0.001" count="3" />
        <bin index="42" start="0.042" width="0.001" count="1" />
        <bin index="43" start="0.043" width="0.001" count="1" />
        <bin index="44" start="0.044" width="0.001" count="2" />
        <bin index="47" start="0.047" width="0.001" count="1" />
        <bin index="50" start="0.05" width="0.001" count="1" />
        <bin index="52" start="0.052" width="0.001" count="1" />
        <bin index="53" start="0.053" width="0.001" count="1" />
        <bin index="55" start="0.055" width="0.001" count="2" />
        <bin index="56" start="0.056" width="0.001" count="2" />
        <bin index="57" start="0.057" width="0.001" count="1" />
        <bin index="58" start="0.058" width="0.001" count="2" />
        <bin index="59" start="0.059" width="0.001" count="1" />
        <bin index="62" start="0.062" width="0.001" count="1" />
        <bin index="63" start="0.063" width="0.001" count="1" />
        <bin index="64" start="0.064" width="0.001" count="1" />
        <bin index="68" start="0.068" width="0.001" count="3" />
        <bin index="70" start="0.07" width="0.001" count="1" />
      </jitterHistogram>
      <packetSizeHistogram nBins="53" >
        <bin index="2" start="40" width="20" count="2" />
        <bin index="52" start="1040" width="20" count="38664" />
      </packetSizeHistogram>
      <flowInterruptionsHistogram nBins="8" >
        <bin index="2" start="0.5" width="0.25" count="14" />
        <bin index="3" start="0.75" width="0.25" count="3" />
        <bin index="4" start="1" width="0.25" count="6" />
        <bin index="7" start="1.75" width="0.25" count="2" />
      </flowInterruptionsHistogram>
    </Flow>
    <Flow flowId="2" timeFirstTxPacket="+100000000.0ns" timeFirstRxPacket="+105151038.0ns" timeLastTxPacket="+60079345643.0ns" timeLastRxPacket="+60084493162.0ns" delaySum="+1658421320187.0ns" jitterSum="+35353389445.0ns" lastDelay="+5147519.0ns" txBytes="36675036" rxBytes="36638216" txPackets="34866" rxPackets="34831" lostPackets="35" timesForwarded="34831">
      <packetsDropped reasonCode="0" number="0" />
      <packetsDropped reasonCode="1" number="0" />
      <packetsDropped reasonCode="2" number="0" />
      <packetsDropped reasonCode="3" number="0" />
      <packetsDropped reasonCode="4" number="35" />
      <bytesDropped reasonCode="0" bytes="0" />
      <bytesDropped reasonCode="1" bytes="0" />
      <bytesDropped reasonCode="2" bytes="0" />
      <bytesDropped reasonCode="3" bytes="0" />
      <bytesDropped reasonCode="4" bytes="36820" />
      <delayHistogram nBins="106" >
        <bin index="5" start="0.005" width="0.001" count="4" />
        <bin index="6" start="0.006" width="0.001" count="1714" />
        <bin index="7" start="0.007" width="0.001" count="399" />
        <bin index="8" start="0.008" width="0.001" count="385" />
        <bin index="9" start="0.009" width="0.001" count="352" />
        <bin index="10" start="0.01" width="0.001" count="533" />
        <bin index="11" start="0.011" width="0.001" count="379" />
        <bin index="12" start="0.012" width="0.001" count="334" />
        <bin index="13" start="0.013" width="0.001" count="343" />
        <bin index="14" start="0.014" width="0.001" count="344" />
        <bin index="15" start="0.015" width="0.001" count="543" />
        <bin index="16" start="0.016" width="0.001" count="336" />
        <bin index="17" start="0.017" width="0.001" count="327" />
        <bin index="18" start="0.018" width="0.001" count="333" />
        <bin index="19" start="0.019" width="0.001" count="296" />
        <bin index="20" start="0.02" width="0.001" count="457" />
        <bin index="21" start="0.021" width="0.001" count="295" />
        <bin index="22" start="0.022" width="0.001" count="280" />
        <bin index="23" start="0.023" width="0.001" count="287" />
        <bin index="24" start="0.024" width="0.001" count="389" />
        <bin index="25" start="0.025" width="0.001" count="291" />
        <bin index="26" start="0.026" width="0.001" count="282" />
        <bin index="27" start="0.027" width="0.001" count="275" />
        <bin index="28" start="0.028" width="0.001" count="260" />
        <bin index="29" start="0.029" width="0.001" count="391" />
        <bin index="30" start="0.03" width="0.001" count="286" />
        <bin index="31" start="0.031" width="0.001" count="247" />
        <bin index="32" start="0.032" width="0.001" count="228" />
        <bin index="33" start="0.033" width="0.001" count="254" />
        <bin index="34" start="0.034" width="0.001" count="216" />
        <bin index="35" start="0.035" width="0.001" count="192" />
        <bin index="36" start="0.036" width="0.001" count="227" />
        <bin index="37" start="0.037" width="0.001" count="403" />
        <bin index="38" start="0.038" width="0.001" count="304" />
        <bin index="39" start="0.039" width="0.001" count="261" />
        <bin index="40" start="0.04" width="0.001" count="311" />
        <bin index="41" start="0.041" width="0.001" count="369" />
        <bin index="42" start="0.042" width="0.001" count="519" />
        <bin index="43" start="0.043" width="0.001" count="301" />
        <bin index="44" start="0.044" width="0.001" count="353" />
        <bin index="45" start="0.045" width="0.001" count="470" />
        <bin index="46" start="0.046" width="0.001" count="478" />
        <bin index="47" start="0.047" width="0.001" count="620" />
        <bin index="48" start="0.048" width="0.001" count="344" />
        <bin index="49" start="0.049" width="0.001" count="319" />
        <bin index="50" start="0.05" width="0.001" count="360" />
        <bin index="51" start="0.051" width="0.001" count="357" />
        <bin index="52" start="0.052" width="0.001" count="508" />
        <bin index="53" start="0.053" width="0.001" count="875" />
        <bin index="54" start="0.054" width="0.001" count="482" />
        <bin index="55" start="0.055" width="0.001" count="454" />
        <bin index="56" start="0.056" width="0.001" count="435" />
        <bin index="57" start="0.057" width="0.001" count="519" />
        <bin index="58" start="0.058" width="0.001" count="936" />
        <bin index="59" start="0.059" width="0.001" count="762" />
        <bin index="60" start="0.06" width="0.001" count="632" />
        <bin index="61" start="0.061" width="0.001" count="421" />
        <bin index="62" start="0.062" width="0.001" count="353" />
        <bin index="63" start="0.063" width="0.001" count="428" />
        <bin index="64" start="0.064" width="0.001" count="337" />
        <bin index="65" start="0.065" width="0.001" count="514" />
        <bin index="66" start="0.066" width="0.001" count="653" />
        <bin index="67" start="0.067" width="0.001" count="487" />
        <bin index="68" start="0.068" width="0.001" count="449" />
        <bin index="69" start="0.069" width="0.001" count="1129" />
        <bin index="70" start="0.07" width="0.001" count="795" />
        <bin index="71" start="0.071" width="0.001" count="647" />
        <bin index="72" start="0.072" width="0.001" count="572" />
        <bin index="73" start="0.073" width="0.001" count="533" />
        <bin index="74" start="0.074" width="0.001" count="432" />
        <bin index="75" start="0.075" width="0.001" count="458" />
        <bin index="76" start="0.076" width="0.001" count="571" />
        <bin index="77" start="0.077" width="0.001" count="623" />
        <bin index="78" start="0.078" width="0.001" count="442" />
        <bin index="79" start="0.079" width="0.001" count="340" />
        <bin index="80" start="0.08" width="0.001" count="499" />
        <bin index="81" start="0.081" width="0.001" count="200" />
        <bin index="82" start="0.082" width="0.001" count="66" />
        <bin index="83" start="0.083" width="0.001" count="139" />
        <bin index="84" start="0.084" width="0.001" count="243" />
        <bin index="85" start="0.085" width="0.001" count="374" />
        <bin index="86" start="0.086" width="0.001" count="19" />
        <bin index="87" start="0.087" width="0.001" count="21" />
        <bin index="88" start="0.088" width="0.001" count="12" />
        <bin index="89" start="0.089" width="0.001" count="3" />
        <bin index="90" start="0.09" width="0.001" count="6" />
        <bin index="91" start="0.091" width="0.001" count="6" />
        <bin index="92" start="0.092" width="0.001" count="6" />
        <bin index="93" start="0.093" width="0.001" count="12" />
        <bin index="94" start="0.094" width="0.001" count="14" />
        <bin index="95" start="0.095" width="0.001" count="8" />
        <bin index="96" start="0.096" width="0.001" count="12" />
        <bin index="97" start="0.097" width="0.001" count="12" />
        <bin index="98" start="0.098" width="0.001" count="17" />
        <bin index="99" start="0.099" width="0.001" count="14" />
        <bin index="100" start="0.1" width="0.001" count="19" />
        <bin index="101" start="0.101" width="0.001" count="18" />
        <bin index="102" start="0.102" width="0.001" count="15" />
        <bin index="103" start="0.103" width="0.001" count="20" />
        <bin index="104" start="0.104" width="0.001" count="29" />
        <bin index="105" start="0.105" width="0.001" count="12" />
      </delayHistogram>
      <jitterHistogram nBins="88" >
        <bin index="0" start="0" width="0.001" count="32744" />
        <bin index="1" start="0.001" width="0.001" count="188" />
        <bin index="2" start="0.002" width="0.001" count="1411" />
        <bin index="3" start="0.003" width="0.001" count="133" />
        <bin index="4" start="0.004" width="0.001" count="182" />
        <bin index="5" start="0.005" width="0.001" count="19" />
        <bin index="6" start="0.006" width="0.001" count="10" />
        <bin index="8" start="0.008" width="0.001" count="4" />
        <bin index="9" start="0.009" width="0.001" count="8" />
        <bin index="10" start="0.01" width="0.001" count="2" />
        <bin index="11" start="0.011" width="0.001" count="3" />
        <bin index="12" start="0.012" width="0.001" count="2" />
        <bin index="14" start="0.014" width="0.001" count="5" />
        <bin index="15" start="0.015" width="0.001" count="7" />
        <bin index="16" start="0.016" width="0.001" count="3" />
        <bin index="18" start="0.018" width="0.001" count="4" />
        <bin index="19" start="0.019" width="0.001" count="3" />
        <bin index="20" start="0.02" width="0.001" count="3" />
        <bin index="21" start="0.021" width="0.001" count="4" />
        <bin index="22" start="0.022" width="0.001" count="4" />
        <bin index="23" start="0.023" width="0.001" count="6" />
        <bin index="24" start="0.024" width="0.001" count="7" />
        <bin index="25" start="0.025" width="0.001" count="7" />
        <bin index="26" start="0.026" width="0.001" count="4" />
        <bin index="27" start="0.027" width="0.001" count="14" />
        <bin index="28" start="0.028" width="0.001" count="7" />
        <bin index="29" start="0.029" width="0.001" count="4" />
        <bin index="30" start="0.03" width="0.001" count="3" />
        <bin index="31" start="0.031" width="0.001" count="1" />
        <bin index="32" start="0.032" width="0.001" count="2" />
        <bin index="33" start="0.033" width="0.001" count="2" />
        <bin index="34" start="0.034" width="0.001" count="3" />
        <bin index="35" start="0.035" width="0.001" count="5" />
        <bin index="36" start="0.036" width="0.001" count="1" />
        <bin index="38" start="0.038" width="0.001" count="1" />
        <bin index="40" start="0.04" width="0.001" count="1" />
        <bin index="41" start="0.041" width="0.001" count="2" />
        <bin index="42" start="0.042" width="0.001" count="1" />
        <bin index="43" start="0.043" width="0.001" count="1" />
        <bin index="46" start="0.046" width="0.001" count="1" />
        <bin index="48" start="0.048" width="0.001" count="1" />
        <bin index="50" start="0.05" width="0.001" count="1" />
        <bin index="54" start="0.054" width="0.001" count="2" />
        <bin index="55" start="0.055" width="0.001" count="3" />
        <bin index="59" start="0.059" width="0.001" count="1" />
        <bin index="60" start="0.06" width="0.001" count="2" />
        <bin index="61" start="0.061" width="0.001" count="1" />
        <bin index="63" start="0.063" width="0.001" count="2" />
        <bin index="68" start="0.068" width="0.001" count="1" />
        <bin index="72" start="0.072" width="0.001" count="2" />
        <bin index="77" start="0.077" width="0.001" count="1" />
        <bin index="87" start="0.087" width="0.001" count="1" />
      </jitterHistogram>
      <packetSizeHistogram nBins="53" >
        <bin index="2" start="40" width="20" count="4" />
        <bin index="52" start="1040" width="20" count="34827" />
      </packetSizeHistogram>
      <flowInterruptionsHistogram nBins="8" >
        <bin index="2" start="0.5" width="0.25" count="8" />
        <bin index="3" start="0.75" width="0.25" count="4" />
        <bin index="4" start="1" width="0.25" count="6" />
        <bin index="5" start="1.25" width="0.25" count="3" />
        <bin index="6" start="1.5" width="0.25" count="1" />
        <bin index="7" start="1.75" width="0.25" count="2" />
      </flowInterruptionsHistogram>
    </Flow>
    <Flow flowId="3" timeFirstTxPacket="+105151038.0ns" timeFirstRxPacket="+110302076.0ns" timeLastTxPacket="+60098739243.0ns" timeLastRxPacket="+60098827562.0ns" delaySum="+334765623484.0ns" jitterSum="+14967230963.0ns" lastDelay="+5147519.0ns" txBytes="1030072" rxBytes="1029552" txPackets="19809" rxPackets="19799" lostPackets="7" timesForwarded="19799">
      <packetsDropped reasonCode="0" number="0" />
      <packetsDropped reasonCode="1" number="0" />
      <packetsDropped reasonCode="2" number="0" />
      <packetsDropped reasonCode="3" number="0" />
      <packetsDropped reasonCode="4" number="7" />
      <bytesDropped reasonCode="0" bytes="0" />
      <bytesDropped reasonCode="1" bytes="0" />
      <bytesDropped reasonCode="2" bytes="0" />
      <bytesDropped reasonCode="3" bytes="0" />
      <bytesDropped reasonCode="4" bytes="364" />
      <delayHistogram nBins="105" >
        <bin index="5" start="0.005" width="0.001" count="11814" />
        <bin index="6" start="0.006" width="0.001" count="510" />
        <bin index="7" start="0.007" width="0.001" count="161" />
        <bin index="8" start="0.008" width="0.001" count="160" />
        <bin index="9" start="0.009" width="0.001" count="148" />
        <bin index="10" start="0.01" width="0.001" count="247" />
        <bin index="11" start="0.011" width="0.001" count="168" />
        <bin index="12" start="0.012" width="0.001" count="155" />
        <bin index="13" start="0.013" width="0.001" count="168" />
        <bin index="14" start="0.014" width="0.001" count="156" />
        <bin index="15" start="0.015" width="0.001" count="240" />
        <bin index="16" start="0.016" width="0.001" count="167" />
        <bin index="17" start="0.017" width="0.001" count="147" />
        <bin index="18" start="0.018" width="0.001" count="144" />
        <bin index="19" start="0.019" width="0.001" count="194" />
        <bin index="20" start="0.02" width="0.001" count="137" />
        <bin index="21" start="0.021" width="0.001" count="136" />
        <bin index="22" start="0.022" width="0.001" count="132" />
        <bin index="23" start="0.023" width="0.001" count="122" />
        <bin index="24" start="0.024" width="0.001" count="188" />
        <bin index="25" start="0.025" width="0.001" count="117" />
        <bin index="26" start="0.026" width="0.001" count="130" />
        <bin index="27" start="0.027" width="0.001" count="121" />
        <bin index="28" start="0.028" width="0.001" count="151" />
        <bin index="29" start="0.029" width="0.001" count="152" />
        <bin index="30" start="0.03" width="0.001" count="99" />
        <bin index="31" start="0.031" width="0.001" count="113" />
        <bin index="32" start="0.032" width="0.001" count="101" />
        <bin index="33" start="0.033" width="0.001" count="100" />
        <bin index="34" start="0.034" width="0.001" count="74" />
        <bin index="35" start="0.035" width="0.001" count="67" />
        <bin index="36" start="0.036" width="0.001" count="79" />
        <bin index="37" start="0.037" width="0.001" count="84" />
        <bin index="38" start="0.038" width="0.001" count="65" />
        <bin index="39" start="0.039" width="0.001" count="64" />
        <bin index="40" start="0.04" width="0.001" count="55" />
        <bin index="41" start="0.041" width="0.001" count="62" />
        <bin index="42" start="0.042" width="0.001" count="54" />
        <bin index="43" start="0.043" width="0.001" count="56" />
        <bin index="44" start="0.044" width="0.001" count="56" />
        <bin index="45" start="0.045" width="0.001" count="68" />
        <bin index="46" start="0.046" width="0.001" count="67" />
        <bin index="47" start="0.047" width="0.001" count="66" />
        <bin index="48" start="0.048" width="0.001" count="66" />
        <bin index="49" start="0.049" width="0.001" count="87" />
        <bin index="50" start="0.05" width="0.001" count="102" />
        <bin index="51" start="0.051" width="0.001" count="92" />
        <bin index="52" start="0.052" width="0.001" count="97" />
        <bin index="53" start="0.053" width="0.001" count="109" />
        <bin index="54" start="0.054" width="0.001" count="111" />
        <bin index="55" start="0.055" width="0.001" count="97" />
        <bin index="56" start="0.056" width="0.001" count="100" />
        <bin index="57" start="0.057" width="0.001" count="89" />
        <bin index="58" start="0.058" width="0.001" count="119" />
        <bin index="59" start="0.059" width="0.001" count="101" />
        <bin index="60" start="0.06" width="0.001" count="90" />
        <bin index="61" start="0.061" width="0.001" count="92" />
        <bin index="62" start="0.062" width="0.001" count="82" />
        <bin index="63" start="0.063" width="0.001" count="99" />
        <bin index="64" start="0.064" width="0.001" count="85" />
        <bin index="65" start="0.065" width="0.001" count="85" />
        <bin index="66" start="0.066" width="0.001" count="78" />
        <bin index="67" start="0.067" width="0.001" count="76" />
        <bin index="68" start="0.068" width="0.001" count="109" />
        <bin index="69" start="0.069" width="0.001" count="81" />
        <bin index="70" start="0.07" width="0.001" count="52" />
        <bin index="71" start="0.071" width="0.001" count="71" />
        <bin index="72" start="0.072" width="0.001" count="71" />
        <bin index="73" start="0.073" width="0.001" count="60" />
        <bin index="74" start="0.074" width="0.001" count="39" />
        <bin index="75" start="0.075" width="0.001" count="27" />
        <bin index="76" start="0.076" width="0.001" count="27" />
        <bin index="77" start="0.077" width="0.001" count="12" />
        <bin index="78" start="0.078" width="0.001" count="29" />
        <bin index="79" start="0.079" width="0.001" count="17" />
        <bin index="80" start="0.08" width="0.001" count="16" />
        <bin index="81" start="0.081" width="0.001" count="3" />
        <bin index="82" start="0.082" width="0.001" count="3" />
        <bin index="83" start="0.083" width="0.001" count="2" />
        <bin index="84" start="0.084" width="0.001" count="6" />
        <bin index="85" start="0.085" width="0.001" count="2" />
        <bin index="89" start="0.089" width="0.001" count="1" />
        <bin index="90" start="0.09" width="0.001" count="2" />
        <bin index="91" start="0.091" width="0.001" count="1" />
        <bin index="92" start="0.092" width="0.001" count="1" />
        <bin index="93" start="0.093" width="0.001" count="3" />
        <bin index="94" start="0.094" width="0.001" count="1" />
        <bin index="98" start="0.098" width="0.001" count="1" />
        <bin index="99" start="0.099" width="0.001" count="2" />
        <bin index="100" start="0.1" width="0.001" count="2" />
        <bin index="101" start="0.101" width="0.001" count="2" />
        <bin index="102" start="0.102" width="0.001" count="1" />
        <bin index="103" start="0.103" width="0.001" count="2" />
        <bin index="104" start="0.104" width="0.001" count="1" />
      </delayHistogram>
      <jitterHistogram nBins="76" >
        <bin index="0" start="0" width="0.001" count="14312" />
        <bin index="1" start="0.001" width="0.001" count="4952" />
        <bin index="2" start="0.002" width="0.001" count="156" />
        <bin index="3" start="0.003" width="0.001" count="162" />
        <bin index="4" start="0.004" width="0.001" count="17" />
        <bin index="5" start="0.005" width="0.001" count="11" />
        <bin index="6" start="0.006" width="0.001" count="5" />
        <bin index="7" start="0.007" width="0.001" count="3" />
        <bin index="8" start="0.008" width="0.001" count="3" />
        <bin index="9" start="0.009" width="0.001" count="5" />
        <bin index="10" start="0.01" width="0.001" count="3" />
        <bin index="11" start="0.011" width="0.001" count="10" />
        <bin index="12" start="0.012" width="0.001" count="9" />
        <bin index="13" start="0.013" width="0.001" count="8" />
        <bin index="14" start="0.014" width="0.001" count="11" />
        <bin index="15" start="0.015" width="0.001" count="8" />
        <bin index="16" start="0.016" width="0.001" count="2" />
        <bin index="17" start="0.017" width="0.001" count="4" />
        <bin index="18" start="0.018" width="0.001" count="9" />
        <bin index="19" start="0.019" width="0.001" count="3" />
        <bin index="20" start="0.02" width="0.001" count="4" />
        <bin index="21" start="0.021" width="0.001" count="4" />
        <bin index="22" start="0.022" width="0.001" count="6" />
        <bin index="23" start="0.023" width="0.001" count="5" />
        <bin index="24" start="0.024" width="0.001" count="2" />
        <bin index="25" start="0.025" width="0.001" count="3" />
        <bin index="26" start="0.026" width="0.001" count="14" />
        <bin index="27" start="0.027" width="0.001" count="13" />
        <bin index="28" start="0.028" width="0.001" count="8" />
        <bin index="29" start="0.029" width="0.001" count="6" />
        <bin index="30" start="0.03" width="0.001" count="4" />
        <bin index="31" start="0.031" width="0.001" count="6" />
        <bin index="32" start="0.032" width="0.001" count="3" />
        <bin index="34" start="0.034" width="0.001" count="1" />
        <bin index="35" start="0.035" width="0.001" count="3" />
        <bin index="36" start="0.036" width="0.001" count="1" />
        <bin index="38" start="0.038" width="0.001" count="2" />
        <bin index="39" start="0.039" width="0.001" count="2" />
        <bin index="41" start="0.041" width="0.001" count="5" />
        <bin index="42" start="0.042" width="0.001" count="2" />
        <bin index="43" start="0.043" width="0.001" count="1" />
        <bin index="45" start="0.045" width="0.001" count="1" />
        <bin index="48" start="0.048" width="0.001" count="1" />
        <bin index="53" start="0.053" width="0.001" count="1" />
        <bin index="54" start="0.054" width="0.001" count="1" />
        <bin index="56" start="0.056" width="0.001" count="1" />
        <bin index="63" start="0.063" width="0.001" count="1" />
        <bin index="68" start="0.068" width="0.001" count="1" />
        <bin index="71" start="0.071" width="0.001" count="1" />
        <bin index="73" start="0.073" width="0.001" count="1" />
        <bin index="75" start="0.075" width="0.001" count="1" />
      </jitterHistogram>
      <packetSizeHistogram nBins="3" >
        <bin index="2" start="40" width="20" count="19799" />
      </packetSizeHistogram>
      <flowInterruptionsHistogram nBins="8" >
        <bin index="2" start="0.5" width="0.25" count="7" />
        <bin index="3" start="0.75" width="0.25" count="4" />
        <bin index="4" start="1" width="0.25" count="4" />
        <bin index="6" start="1.5" width="0.25" count="1" />
        <bin index="7" start="1.75" width="0.25" count="1" />
      </flowInterruptionsHistogram>
    </Flow>
    <Flow flowId="4" timeFirstTxPacket="+105151038.0ns" timeFirstRxPacket="+110302076.0ns" timeLastTxPacket="+60005145993.0ns" timeLastRxPacket="+60079345643.0ns" delaySum="+379809820579.0ns" jitterSum="+14758303494.0ns" lastDelay="+74199650.0ns" txBytes="931636" rxBytes="931220" txPackets="17916" rxPackets="17908" lostPackets="8" timesForwarded="17908">
      <packetsDropped reasonCode="0" number="0" />
      <packetsDropped reasonCode="1" number="0" />
      <packetsDropped reasonCode="2" number="0" />
      <packetsDropped reasonCode="3" number="0" />
      <packetsDropped reasonCode="4" number="8" />
      <bytesDropped reasonCode="0" bytes="0" />
      <bytesDropped reasonCode="1" bytes="0" />
      <bytesDropped reasonCode="2" bytes="0" />
      <bytesDropped reasonCode="3" bytes="0" />
      <bytesDropped reasonCode="4" bytes="416" />
      <delayHistogram nBins="103" >
        <bin index="5" start="0.005" width="0.001" count="9745" />
        <bin index="6" start="0.006" width="0.001" count="252" />
        <bin index="7" start="0.007" width="0.001" count="124" />
        <bin index="8" start="0.008" width="0.001" count="121" />
        <bin index="9" start="0.009" width="0.001" count="117" />
        <bin index="10" start="0.01" width="0.001" count="181" />
        <bin index="11" start="0.011" width="0.001" count="110" />
        <bin index="12" start="0.012" width="0.001" count="104" />
        <bin index="13" start="0.013" width="0.001" count="107" />
        <bin index="14" start="0.014" width="0.001" count="95" />
        <bin index="15" start="0.015" width="0.001" count="156" />
        <bin index="16" start="0.016" width="0.001" count="113" />
        <bin index="17" start="0.017" width="0.001" count="103" />
        <bin index="18" start="0.018" width="0.001" count="106" />
        <bin index="19" start="0.019" width="0.001" count="134" />
        <bin index="20" start="0.02" width="0.001" count="126" />
        <bin index="21" start="0.021" width="0.001" count="114" />
        <bin index="22" start="0.022" width="0.001" count="103" />
        <bin index="23" start="0.023" width="0.001" count="113" />
        <bin index="24" start="0.024" width="0.001" count="147" />
        <bin index="25" start="0.025" width="0.001" count="118" />
        <bin index="26" start="0.026" width="0.001" count="116" />
        <bin index="27" start="0.027" width="0.001" count="110" />
        <bin index="28" start="0.028" width="0.001" count="105" />
        <bin index="29" start="0.029" width="0.001" count="127" />
        <bin index="30" start="0.03" width="0.001" count="98" />
        <bin index="31" start="0.031" width="0.001" count="102" />
        <bin index="32" start="0.032" width="0.001" count="91" />
        <bin index="33" start="0.033" width="0.001" count="106" />
        <bin index="34" start="0.034" width="0.001" count="91" />
        <bin index="35" start="0.035" width="0.001" count="75" />
        <bin index="36" start="0.036" width="0.001" count="76" />
        <bin index="37" start="0.037" width="0.001" count="75" />
        <bin index="38" start="0.038" width="0.001" count="76" />
        <bin index="39" start="0.039" width="0.001" count="87" />
        <bin index="40" start="0.04" width="0.001" count="76" />
        <bin index="41" start="0.041" width="0.001" count="77" />
        <bin index="42" start="0.042" width="0.001" count="99" />
        <bin index="43" start="0.043" width="0.001" count="89" />
        <bin index="44" start="0.044" width="0.001" count="121" />
        <bin index="45" start="0.045" width="0.001" count="111" />
        <bin index="46" start="0.046" width="0.001" count="127" />
        <bin index="47" start="0.047" width="0.001" count="133" />
        <bin index="48" start="0.048" width="0.001" count="122" />
        <bin index="49" start="0.049" width="0.001" count="129" />
        <bin index="50" start="0.05" width="0.001" count="127" />
        <bin index="51" start="0.051" width="0.001" count="130" />
        <bin index="52" start="0.052" width="0.001" count="148" />
        <bin index="53" start="0.053" width="0.001" count="124" />
        <bin index="54" start="0.054" width="0.001" count="138" />
        <bin index="55" start="0.055" width="0.001" count="146" />
        <bin index="56" start="0.056" width="0.001" count="164" />
        <bin index="57" start="0.057" width="0.001" count="153" />
        <bin index="58" start="0.058" width="0.001" count="166" />
        <bin index="59" start="0.059" width="0.001" count="190" />
        <bin index="60" start="0.06" width="0.001" count="168" />
        <bin index="61" start="0.061" width="0.001" count="155" />
        <bin index="62" start="0.062" width="0.001" count="124" />
        <bin index="63" start="0.063" width="0.001" count="120" />
        <bin index="64" start="0.064" width="0.001" count="112" />
        <bin index="65" start="0.065" width="0.001" count="116" />
        <bin index="66" start="0.066" width="0.001" count="114" />
        <bin index="67" start="0.067" width="0.001" count="106" />
        <bin index="68" start="0.068" width="0.001" count="74" />
        <bin index="69" start="0.069" width="0.001" count="93" />
        <bin index="70" start="0.07" width="0.001" count="89" />
        <bin index="71" start="0.071" width="0.001" count="63" />
        <bin index="72" start="0.072" width="0.001" count="62" />
        <bin index="73" start="0.073" width="0.001" count="88" />
        <bin index="74" start="0.074" width="0.001" count="54" />
        <bin index="75" start="0.075" width="0.001" count="59" />
        <bin index="76" start="0.076" width="0.001" count="58" />
        <bin index="77" start="0.077" width="0.001" count="31" />
        <bin index="78" start="0.078" width="0.001" count="9" />
        <bin index="79" start="0.079" width="0.001" count="5" />
        <bin index="80" start="0.08" width="0.001" count="4" />
        <bin index="82" start="0.082" width="0.001" count="1" />
        <bin index="85" start="0.085" width="0.001" count="1" />
        <bin index="87" start="0.087" width="0.001" count="1" />
        <bin index="88" start="0.088" width="0.001" count="1" />
        <bin index="90" start="0.09" width="0.001" count="1" />
        <bin index="91" start="0.091" width="0.001" count="1" />
        <bin index="92" start="0.092" width="0.001" count="1" />
        <bin index="99" start="0.099" width="0.001" count="1" />
        <bin index="101" start="0.101" width="0.001" count="1" />
        <bin index="102" start="0.102" width="0.001" count="1" />
      </delayHistogram>
      <jitterHistogram nBins="81" >
        <bin index="0" start="0" width="0.001" count="11976" />
        <bin index="1" start="0.001" width="0.001" count="5354" />
        <bin index="2" start="0.002" width="0.001" count="178" />
        <bin index="3" start="0.003" width="0.001" count="215" />
        <bin index="4" start="0.004" width="0.001" count="35" />
        <bin index="5" start="0.005" width="0.001" count="11" />
        <bin index="6" start="0.006" width="0.001" count="3" />
        <bin index="7" start="0.007" width="0.001" count="1" />
        <bin index="8" start="0.008" width="0.001" count="3" />
        <bin index="9" start="0.009" width="0.001" count="4" />
        <bin index="10" start="0.01" width="0.001" count="3" />
        <bin index="11" start="0.011" width="0.001" count="3" />
        <bin index="12" start="0.012" width="0.001" count="4" />
        <bin index="14" start="0.014" width="0.001" count="6" />
        <bin index="15" start="0.015" width="0.001" count="2" />
        <bin index="17" start="0.017" width="0.001" count="2" />
        <bin index="18" start="0.018" width="0.001" count="4" />
        <bin index="19" start="0.019" width="0.001" count="3" />
        <bin index="20" start="0.02" width="0.001" count="2" />
        <bin index="21" start="0.021" width="0.001" count="3" />
        <bin index="22" start="0.022" width="0.001" count="2" />
        <bin index="23" start="0.023" width="0.001" count="8" />
        <bin index="24" start="0.024" width="0.001" count="11" />
        <bin index="25" start="0.025" width="0.001" count="4" />
        <bin index="26" start="0.026" width="0.001" count="5" />
        <bin index="27" start="0.027" width="0.001" count="9" />
        <bin index="28" start="0.028" width="0.001" count="5" />
        <bin index="29" start="0.029" width="0.001" count="5" />
        <bin index="30" start="0.03" width="0.001" count="3" />
        <bin index="31" start="0.031" width="0.001" count="5" />
        <bin index="33" start="0.033" width="0.001" count="4" />
        <bin index="34" start="0.034" width="0.001" count="1" />
        <bin index="35" start="0.035" width="0.001" count="5" />
        <bin index="37" start="0.037" width="0.001" count="1" />
        <bin index="38" start="0.038" width="0.001" count="1" />
        <bin index="39" start="0.039" width="0.001" count="4" />
        <bin index="40" start="0.04" width="0.001" count="1" />
        <bin index="41" start="0.041" width="0.001" count="2" />
        <bin index="45" start="0.045" width="0.001" count="2" />
        <bin index="48" start="0.048" width="0.001" count="2" />
        <bin index="49" start="0.049" width="0.001" count="1" />
        <bin index="51" start="0.051" width="0.001" count="1" />
        <bin index="52" start="0.052" width="0.001" count="4" />
        <bin index="55" start="0.055" width="0.001" count="1" />
        <bin index="58" start="0.058" width="0.001" count="1" />
        <bin index="59" start="0.059" width="0.001" count="1" />
        <bin index="63" start="0.063" width="0.001" count="2" />
        <bin index="64" start="0.064" width="0.001" count="1" />
        <bin index="68" start="0.068" width="0.001" count="2" />
        <bin index="80" start="0.08" width="0.001" count="1" />
      </jitterHistogram>
      <packetSizeHistogram nBins="3" >
        <bin index="2" start="40" width="20" count="17908" />
      </packetSizeHistogram>
      <flowInterruptionsHistogram nBins="7" >
        <bin index="2" start="0.5" width="0.25" count="6" />
        <bin index="3" start="0.75" width="0.25" count="8" />
        <bin index="4" start="1" width="0.25" count="2" />
        <bin index="5" start="1.25" width="0.25" count="1" />
        <bin index="6" start="1.5" width="0.25" count="3" />
      </flowInterruptionsHistogram>
    </Flow>
  </FlowStats>
  <Ipv4FlowClassifier>
    <Flow flowId="4" sourceAddress="192.168.1.1" destinationAddress="192.168.2.2" protocol="6" sourcePort="8" destinationPort="49153" />
    <Flow flowId="1" sourceAddress="192.168.1.1" destinationAddress="192.168.2.2" protocol="6" sourcePort="49153" destinationPort="7" />
    <Flow flowId="3" sourceAddress="192.168.2.2" destinationAddress="192.168.1.1" protocol="6" sourcePort="7" destinationPort="49153" />
    <Flow flowId="2" sourceAddress="192.168.2.2" destinationAddress="192.168.1.1" protocol="6" sourcePort="49153" destinationPort="8" />
  </Ipv4FlowClassifier>
  <Ipv6FlowClassifier>
  </Ipv6FlowClassifier>
  <FlowProbes>
    <FlowProbe index="0">
      <FlowStats  flowId="1" packets="38699" bytes="40709352" delayFromFirstProbeSum="+0.0ns" >
      </FlowStats>
      <FlowStats  flowId="2" packets="34831" bytes="36638216" delayFromFirstProbeSum="+1658421320187.0ns" >
      </FlowStats>
      <FlowStats  flowId="3" packets="19799" bytes="1029552" delayFromFirstProbeSum="+334765623484.0ns" >
      </FlowStats>
      <FlowStats  flowId="4" packets="17916" bytes="931636" delayFromFirstProbeSum="+0.0ns" >
      </FlowStats>
    </FlowProbe>
    <FlowProbe index="1">
    </FlowProbe>
    <FlowProbe index="2">
      <FlowStats  flowId="1" packets="38699" bytes="40709352" delayFromFirstProbeSum="+13214524484.0ns" >
        <packetsDropped reasonCode="0" number="0" />
        <packetsDropped reasonCode="1" number="0" />
        <packetsDropped reasonCode="2" number="0" />
        <packetsDropped reasonCode="3" number="0" />
        <packetsDropped reasonCode="4" number="27" />
        <bytesDropped reasonCode="0" bytes="0" />
        <bytesDropped reasonCode="1" bytes="0" />
        <bytesDropped reasonCode="2" bytes="0" />
        <bytesDropped reasonCode="3" bytes="0" />
        <bytesDropped reasonCode="4" bytes="28404" />
      </FlowStats>
      <FlowStats  flowId="2" packets="34831" bytes="36638216" delayFromFirstProbeSum="+1652001589951.0ns" >
      </FlowStats>
      <FlowStats  flowId="3" packets="19799" bytes="1029552" delayFromFirstProbeSum="+332523953859.0ns" >
      </FlowStats>
      <FlowStats  flowId="4" packets="17916" bytes="931636" delayFromFirstProbeSum="+1916911649.0ns" >
        <packetsDropped reasonCode="0" number="0" />
        <packetsDropped reasonCode="1" number="0" />
        <packetsDropped reasonCode="2" number="0" />
        <packetsDropped reasonCode="3" number="0" />
        <packetsDropped reasonCode="4" number="8" />
        <bytesDropped reasonCode="0" bytes="0" />
        <bytesDropped reasonCode="1" bytes="0" />
        <bytesDropped reasonCode="2" bytes="0" />
        <bytesDropped reasonCode="3" bytes="0" />
        <bytesDropped reasonCode="4" bytes="416" />
      </FlowStats>
    </FlowProbe>
    <FlowProbe index="3">
    </FlowProbe>
    <FlowProbe index="4">
      <FlowStats  flowId="1" packets="38666" bytes="40674636" delayFromFirstProbeSum="+1917706579964.0ns" >
      </FlowStats>
      <FlowStats  flowId="2" packets="34866" bytes="36675036" delayFromFirstProbeSum="+0.0ns" >
        <packetsDropped reasonCode="0" number="0" />
        <packetsDropped reasonCode="1" number="0" />
        <packetsDropped reasonCode="2" number="0" />
        <packetsDropped reasonCode="3" number="0" />
        <packetsDropped reasonCode="4" number="35" />
        <bytesDropped reasonCode="0" bytes="0" />
        <bytesDropped reasonCode="1" bytes="0" />
        <bytesDropped reasonCode="2" bytes="0" />
        <bytesDropped reasonCode="3" bytes="0" />
        <bytesDropped reasonCode="4" bytes="36820" />
      </FlowStats>
      <FlowStats  flowId="3" packets="19809" bytes="1030072" delayFromFirstProbeSum="+0.0ns" >
        <packetsDropped reasonCode="0" number="0" />
        <packetsDropped reasonCode="1" number="0" />
        <packetsDropped reasonCode="2" number="0" />
        <packetsDropped reasonCode="3" number="0" />
        <packetsDropped reasonCode="4" number="7" />
        <bytesDropped reasonCode="0" bytes="0" />
        <bytesDropped reasonCode="1" bytes="0" />
        <bytesDropped reasonCode="2" bytes="0" />
        <bytesDropped reasonCode="3" bytes="0" />
        <bytesDropped reasonCode="4" bytes="364" />
      </FlowStats>
      <FlowStats  flowId="4" packets="17908" bytes="931220" delayFromFirstProbeSum="+379809820579.0ns" >
      </FlowStats>
    </FlowProbe>
    <FlowProbe index="5">
    </FlowProbe>
  </FlowProbes>
</FlowMonitor>
