<?xml version="1.0" ?>
<FlowMonitor>
  <FlowStats>
    <Flow flowId="1" timeFirstTxPacket="+100000000.0ns" timeFirstRxPacket="+105151038.0ns" timeLastTxPacket="+60042354119.0ns" timeLastRxPacket="+60099715398.0ns" delaySum="+1916370098250.0ns" jitterSum="+35650562067.0ns" lastDelay="+60734079.0ns" txBytes="39027204" rxBytes="39005112" txPackets="37100" rxPackets="37079" lostPackets="16" timesForwarded="37079">
      <packetsDropped reasonCode="0" number="0" />
      <packetsDropped reasonCode="1" number="0" />
      <packetsDropped reasonCode="2" number="0" />
      <packetsDropped reasonCode="3" number="0" />
      <packetsDropped reasonCode="4" number="16" />
      <bytesDropped reasonCode="0" bytes="0" />
      <bytesDropped reasonCode="1" bytes="0" />
      <bytesDropped reasonCode="2" bytes="0" />
      <bytesDropped reasonCode="3" bytes="0" />
      <bytesDropped reasonCode="4" bytes="16832" />
      <delayHistogram nBins="106" >
        <bin index="5" start="0.005" width="0.001" count="2" />
        <bin index="6" start="0.006" width="0.001" count="1893" />
        <bin index="7" start="0.007" width="0.001" count="374" />
        <bin index="8" start="0.008" width="0.001" count="331" />
        <bin index="9" start="0.009" width="0.001" count="288" />
        <bin index="10" start="0.01" width="0.001" count="469" />
        <bin index="11" start="0.011" width="0.001" count="310" />
        <bin index="12" start="0.012" width="0.001" count="250" />
        <bin index="13" start="0.013" width="0.001" count="237" />
        <bin index="14" start="0.014" width="0.001" count="251" />
        <bin index="15" start="0.015" width="0.001" count="378" />
        <bin index="16" start="0.016" width="0.001" count="250" />
        <bin index="17" start="0.017" width="0.001" count="279" />
        <bin index="18" start="0.018" width="0.001" count="291" />
        <bin index="19" start="0.019" width="0.001" count="282" />
        <bin index="20" start="0.02" width="0.001" count="488" />
        <bin index="21" start="0.021" width="0.001" count="295" />
        <bin index="22" start="0.022" width="0.001" count="294" />
        <bin index="23" start="0.023" width="0.001" count="290" />
        <bin index="24" start="0.024" width="0.001" count="402" />
        <bin index="25" start="0.025" width="0.001" count="303" />
        <bin index="26" start="0.026" width="0.001" count="381" />
        <bin index="27" start="0.027" width="0.001" count="277" />
        <bin index="28" start="0.028" width="0.001" count="288" />
        <bin index="29" start="0.029" width="0.001" count="349" />
        <bin index="30" start="0.03" width="0.001" count="227" />
        <bin index="31" start="0.031" width="0.001" count="207" />
        <bin index="32" start="0.032" width="0.001" count="198" />
        <bin index="33" start="0.033" width="0.001" count="294" />
        <bin index="34" start="0.034" width="0.001" count="358" />
        <bin index="35" start="0.035" width="0.001" count="307" />
        <bin index="36" start="0.036" width="0.001" count="289" />
        <bin index="37" start="0.037" width="0.001" count="265" />
        <bin index="38" start="0.038" width="0.001" count="271" />
        <bin index="39" start="0.039" width="0.001" count="222" />
        <bin index="40" start="0.04" width="0.001" count="268" />
        <bin index="41" start="0.041" width="0.001" count="262" />
        <bin index="42" start="0.042" width="0.001" count="440" />
        <bin index="43" start="0.043" width="0.001" count="271" />
        <bin index="44" start="0.044" width="0.001" count="277" />
        <bin index="45" start="0.045" width="0.001" count="428" />
        <bin index="46" start="0.046" width="0.001" count="507" />
        <bin index="47" start="0.047" width="0.001" count="972" />
        <bin index="48" start="0.048" width="0.001" count="584" />
        <bin index="49" start="0.049" width="0.001" count="598" />
        <bin index="50" start="0.05" width="0.001" count="652" />
        <bin index="51" start="0.051" width="0.001" count="678" />
        <bin index="52" start="0.052" width="0.001" count="661" />
        <bin index="53" start="0.053" width="0.001" count="914" />
        <bin index="54" start="0.054" width="0.001" count="289" />
        <bin index="55" start="0.055" width="0.001" count="330" />
        <bin index="56" start="0.056" width="0.001" count="430" />
        <bin index="57" start="0.057" width="0.001" count="377" />
        <bin index="58" start="0.058" width="0.001" count="429" />
        <bin index="59" start="0.059" width="0.001" count="467" />
        <bin index="60" start="0.06" width="0.001" count="553" />
        <bin index="61" start="0.061" width="0.001" count="488" />
        <bin index="62" start="0.062" width="0.001" count="447" />
        <bin index="63" start="0.063" width="0.001" count="565" />
        <bin index="64" start="0.064" width="0.001" count="266" />
        <bin index="65" start="0.065" width="0.001" count="285" />
        <bin index="66" start="0.066" width="0.001" count="437" />
        <bin index="67" start="0.067" width="0.001" count="454" />
        <bin index="68" start="0.068" width="0.001" count="539" />
        <bin index="69" start="0.069" width="0.001" count="892" />
        <bin index="70" start="0.07" width="0.001" count="369" />
        <bin index="71" start="0.071" width="0.001" count="372" />
        <bin index="72" start="0.072" width="0.001" count="402" />
        <bin index="73" start="0.073" width="0.001" count="393" />
        <bin index="74" start="0.074" width="0.001" count="500" />
        <bin index="75" start="0.075" width="0.001" count="532" />
        <bin index="76" start="0.076" width="0.001" count="540" />
        <bin index="77" start="0.077" width="0.001" count="341" />
        <bin index="78" start="0.078" width="0.001" count="295" />
        <bin index="79" start="0.079" width="0.001" count="501" />
        <bin index="80" start="0.08" width="0.001" count="903" />
        <bin index="81" start="0.081" width="0.001" count="452" />
        <bin index="82" start="0.082" width="0.001" count="575" />
        <bin index="83" start="0.083" width="0.001" count="656" />
        <bin index="84" start="0.084" width="0.001" count="469" />
        <bin index="85" start="0.085" width="0.001" count="311" />
        <bin index="86" start="0.086" width="0.001" count="388" />
        <bin index="87" start="0.087" width="0.001" count="275" />
        <bin index="88" start="0.088" width="0.001" count="184" />
        <bin index="89" start="0.089" width="0.001" count="276" />
        <bin index="90" start="0.09" width="0.001" count="521" />
        <bin index="91" start="0.091" width="0.001" count="285" />
        <bin index="92" start="0.092" width="0.001" count="171" />
        <bin index="93" start="0.093" width="0.001" count="51" />
        <bin index="94" start="0.094" width="0.001" count="51" />
        <bin index="95" start="0.095" width="0.001" count="32" />
        <bin index="96" start="0.096" width="0.001" count="11" />
        <bin index="97" start="0.097" width="0.001" count="8" />
        <bin index="98" start="0.098" width="0.001" count="11" />
        <bin index="99" start="0.099" width="0.001" count="17" />
        <bin index="100" start="0.1" width="0.001" count="27" />
        <bin index="101" start="0.101" width="0.001" count="32" />
        <bin index="102" start="0.102" width="0.001" count="38" />
        <bin index="103" start="0.103" width="0.001" count="27" />
        <bin index="104" start="0.104" width="0.001" count="367" />
        <bin index="105" start="0.105" width="0.001" count="46" />
      </delayHistogram>
      <jitterHistogram nBins="93" >
        <bin index="0" start="0" width="0.001" count="35541" />
        <bin index="1" start="0.001" width="0.001" count="390" />
        <bin index="2" start="0.002" width="0.001" count="783" />
        <bin index="3" start="0.003" width="0.001" count="108" />
        <bin index="4" start="0.004" width="0.001" count="91" />
        <bin index="5" start="0.005" width="0.001" count="11" />
        <bin index="6" start="0.006" width="0.001" count="7" />
        <bin index="7" start="0.007" width="0.001" count="14" />
        <bin index="8" start="0.008" width="0.001" count="3" />
        <bin index="9" start="0.009" width="0.001" count="8" />
        <bin index="10" start="0.01" width="0.001" count="2" />
        <bin index="11" start="0.011" width="0.001" count="1" />
        <bin index="12" start="0.012" width="0.001" count="6" />
        <bin index="13" start="0.013" width="0.001" count="6" />
        <bin index="14" start="0.014" width="0.001" count="3" />
        <bin index="15" start="0.015" width="0.001" count="1" />
        <bin index="16" start="0.016" width="0.001" count="3" />
        <bin index="17" start="0.017" width="0.001" count="3" />
        <bin index="19" start="0.019" width="0.001" count="3" />
        <bin index="20" start="0.02" width="0.001" count="3" />
        <bin index="21" start="0.021" width="0.001" count="3" />
        <bin index="22" start="0.022" width="0.001" count="5" />
        <bin index="23" start="0.023" width="0.001" count="5" />
        <bin index="24" start="0.024" width="0.001" count="1" />
        <bin index="25" start="0.025" width="0.001" count="3" />
        <bin index="26" start="0.026" width="0.001" count="2" />
        <bin index="28" start="0.028" width="0.001" count="1" />
        <bin index="29" start="0.029" width="0.001" count="1" />
        <bin index="30" start="0.03" width="0.001" count="3" />
        <bin index="31" start="0.031" width="0.001" count="3" />
        <bin index="32" start="0.032" width="0.001" count="9" />
        <bin index="33" start="0.033" width="0.001" count="4" />
        <bin index="34" start="0.034" width="0.001" count="6" />
        <bin index="35" start="0.035" width="0.001" count="4" />
        <bin index="36" start="0.036" width="0.001" count="5" />
        <bin index="37" start="0.037" width="0.001" count="7" />
        <bin index="38" start="0.038" width="0.001" count="4" />
        <bin index="39" start="0.039" width="0.001" count="3" />
        <bin index="43" start="0.043" width="0.001" count="1" />
        <bin index="44" start="0.044" width="0.001" count="1" />
        <bin index="47" start="0.047" width="0.001" count="1" />
        <bin index="48" start="0.048" width="0.001" count="1" />
        <bin index="49" start="0.049" width="0.001" count="1" />
        <bin index="55" start="0.055" width="0.001" count="3" />
        <bin index="57" start="0.057" width="0.001" count="1" />
        <bin index="58" start="0.058" width="0.001" count="1" />
        <bin index="62" start="0.062" width="0.001" count="1" />
        <bin index="63" start="0.063" width="0.001" count="1" />
        <bin index="65" start="0.065" width="0.001" count="1" />
        <bin index="66" start="0.066" width="0.001" count="1" />
        <bin index="68" start="0.068" width="0.001" count="1" />
        <bin index="71" start="0.071" width="0.001" count="3" />
        <bin index="73" start="0.073" width="0.001" count="1" />
        <bin index="79" start="0.079" width="0.001" count="1" />
        <bin index="81" start="0.081" width="0.001" count="1" />
        <bin index="92" start="0.092" width="0.001" count="1" />
      </jitterHistogram>
      <packetSizeHistogram nBins="53" >
        <bin index="2" start="40" width="20" count="2" />
        <bin index="52" start="1040" width="20" count="37077" />
      </packetSizeHistogram>
      <flowInterruptionsHistogram nBins="8" >
        <bin index="2" start="0.5" width="0.25" count="14" />
        <bin index="3" start="0.75" width="0.25" count="4" />
        <bin index="4" start="1" width="0.25" count="6" />
        <bin index="7" start="1.75" width="0.25" count="2" />
      </flowInterruptionsHistogram>
    </Flow>
    <Flow flowId="2" timeFirstTxPacket="+100000000.0ns" timeFirstRxPacket="+105151038.0ns" timeLastTxPacket="+60065144198.0ns" timeLastRxPacket="+60070291717.0ns" delaySum="+1856561545429.0ns" jitterSum="+32841068669.0ns" lastDelay="+5147519.0ns" txBytes="35790304" rxBytes="35782940" txPackets="34025" rxPackets="34018" lostPackets="7" timesForwarded="34018">
      <packetsDropped reasonCode="0" number="0" />
      <packetsDropped reasonCode="1" number="0" />
      <packetsDropped reasonCode="2" number="0" />
      <packetsDropped reasonCode="3" number="0" />
      <packetsDropped reasonCode="4" number="7" />
      <bytesDropped reasonCode="0" bytes="0" />
      <bytesDropped reasonCode="1" bytes="0" />
      <bytesDropped reasonCode="2" bytes="0" />
      <bytesDropped reasonCode="3" bytes="0" />
      <bytesDropped reasonCode="4" bytes="7364" />
      <delayHistogram nBins="107" >
        <bin index="5" start="0.005" width="0.001" count="4" />
        <bin index="6" start="0.006" width="0.001" count="1856" />
        <bin index="7" start="0.007" width="0.001" count="266" />
        <bin index="8" start="0.008" width="0.001" count="249" />
        <bin index="9" start="0.009" width="0.001" count="204" />
        <bin index="10" start="0.01" width="0.001" count="307" />
        <bin index="11" start="0.011" width="0.001" count="213" />
        <bin index="12" start="0.012" width="0.001" count="205" />
        <bin index="13" start="0.013" width="0.001" count="225" />
        <bin index="14" start="0.014" width="0.001" count="198" />
        <bin index="15" start="0.015" width="0.001" count="288" />
        <bin index="16" start="0.016" width="0.001" count="184" />
        <bin index="17" start="0.017" width="0.001" count="182" />
        <bin index="18" start="0.018" width="0.001" count="172" />
        <bin index="19" start="0.019" width="0.001" count="161" />
        <bin index="20" start="0.02" width="0.001" count="288" />
        <bin index="21" start="0.021" width="0.001" count="229" />
        <bin index="22" start="0.022" width="0.001" count="211" />
        <bin index="23" start="0.023" width="0.001" count="193" />
        <bin index="24" start="0.024" width="0.001" count="221" />
        <bin index="25" start="0.025" width="0.001" count="170" />
        <bin index="26" start="0.026" width="0.001" count="141" />
        <bin index="27" start="0.027" width="0.001" count="137" />
        <bin index="28" start="0.028" width="0.001" count="170" />
        <bin index="29" start="0.029" width="0.001" count="243" />
        <bin index="30" start="0.03" width="0.001" count="228" />
        <bin index="31" start="0.031" width="0.001" count="244" />
        <bin index="32" start="0.032" width="0.001" count="116" />
        <bin index="33" start="0.033" width="0.001" count="146" />
        <bin index="34" start="0.034" width="0.001" count="155" />
        <bin index="35" start="0.035" width="0.001" count="167" />
        <bin index="36" start="0.036" width="0.001" count="148" />
        <bin index="37" start="0.037" width="0.001" count="156" />
        <bin index="38" start="0.038" width="0.001" count="150" />
        <bin index="39" start="0.039" width="0.001" count="138" />
        <bin index="40" start="0.04" width="0.001" count="234" />
        <bin index="41" start="0.041" width="0.001" count="311" />
        <bin index="42" start="0.042" width="0.001" count="602" />
        <bin index="43" start="0.043" width="0.001" count="410" />
        <bin index="44" start="0.044" width="0.001" count="411" />
        <bin index="45" start="0.045" width="0.001" count="433" />
        <bin index="46" start="0.046" width="0.001" count="393" />
        <bin index="47" start="0.047" width="0.001" count="514" />
        <bin index="48" start="0.048" width="0.001" count="278" />
        <bin index="49" start="0.049" width="0.001" count="309" />
        <bin index="50" start="0.05" width="0.001" count="337" />
        <bin index="51" start="0.051" width="0.001" count="354" />
        <bin index="52" start="0.052" width="0.001" count="377" />
        <bin index="53" start="0.053" width="0.001" count="735" />
        <bin index="54" start="0.054" width="0.001" count="578" />
        <bin index="55" start="0.055" width="0.001" count="485" />
        <bin index="56" start="0.056" width="0.001" count="477" />
        <bin index="57" start="0.057" width="0.001" count="471" />
        <bin index="58" start="0.058" width="0.001" count="470" />
        <bin index="59" start="0.059" width="0.001" count="535" />
        <bin index="60" start="0.06" width="0.001" count="488" />
        <bin index="61" start="0.061" width="0.001" count="647" />
        <bin index="62" start="0.062" width="0.001" count="689" />
        <bin index="63" start="0.063" width="0.001" count="877" />
        <bin index="64" start="0.064" width="0.001" count="390" />
        <bin index="65" start="0.065" width="0.001" count="491" />
        <bin index="66" start="0.066" width="0.001" count="589" />
        <bin index="67" start="0.067" width="0.001" count="511" />
        <bin index="68" start="0.068" width="0.001" count="562" />
        <bin index="69" start="0.069" width="0.001" count="845" />
        <bin index="70" start="0.07" width="0.001" count="563" />
        <bin index="71" start="0.071" width="0.001" count="603" />
        <bin index="72" start="0.072" width="0.001" count="497" />
        <bin index="73" start="0.073" width="0.001" count="484" />
        <bin index="74" start="0.074" width="0.001" count="794" />
        <bin index="75" start="0.075" width="0.001" count="817" />
        <bin index="76" start="0.076" width="0.001" count="737" />
        <bin index="77" start="0.077" width="0.001" count="522" />
        <bin index="78" start="0.078" width="0.001" count="339" />
        <bin index="79" start="0.079" width="0.001" count="370" />
        <bin index="80" start="0.08" width="0.001" count="791" />
        <bin index="81" start="0.081" width="0.001" count="685" />
        <bin index="82" start="0.082" width="0.001" count="552" />
        <bin index="83" start="0.083" width="0.001" count="379" />
        <bin index="84" start="0.084" width="0.001" count="637" />
        <bin index="85" start="0.085" width="0.001" count="957" />
        <bin index="86" start="0.086" width="0.001" count="220" />
        <bin index="87" start="0.087" width="0.001" count="121" />
        <bin index="88" start="0.088" width="0.001" count="135" />
        <bin index="89" start="0.089" width="0.001" count="97" />
        <bin index="90" start="0.09" width="0.001" count="162" />
        <bin index="91" start="0.091" width="0.001" count="99" />
        <bin index="92" start="0.092" width="0.001" count="29" />
        <bin index="93" start="0.093" width="0.001" count="32" />
        <bin index="94" start="0.094" width="0.001" count="29" />
        <bin index="95" start="0.095" width="0.001" count="9" />
        <bin index="96" start="0.096" width="0.001" count="6" />
        <bin index="97" start="0.097" width="0.001" count="5" />
        <bin index="98" start="0.098" width="0.001" count="9" />
        <bin index="99" start="0.099" width="0.001" count="7" />
        <bin index="100" start="0.1" width="0.001" count="8" />
        <bin index="101" start="0.101" width="0.001" count="11" />
        <bin index="102" start="0.102" width="0.001" count="14" />
        <bin index="103" start="0.103" width="0.001" count="18" />
        <bin index="104" start="0.104" width="0.001" count="30" />
        <bin index="105" start="0.105" width="0.001" count="76" />
        <bin index="106" start="0.106" width="0.001" count="6" />
      </delayHistogram>
      <jitterHistogram nBins="78" >
        <bin index="0" start="0" width="0.001" count="32157" />
        <bin index="1" start="0.001" width="0.001" count="372" />
        <bin index="2" start="0.002" width="0.001" count="1121" />
        <bin index="3" start="0.003" width="0.001" count="140" />
        <bin index="4" start="0.004" width="0.001" count="88" />
        <bin index="5" start="0.005" width="0.001" count="18" />
        <bin index="6" start="0.006" width="0.001" count="2" />
        <bin index="7" start="0.007" width="0.001" count="5" />
        <bin index="9" start="0.009" width="0.001" count="5" />
        <bin index="10" start="0.01" width="0.001" count="3" />
        <bin index="11" start="0.011" width="0.001" count="2" />
        <bin index="12" start="0.012" width="0.001" count="4" />
        <bin index="13" start="0.013" width="0.001" count="7" />
        <bin index="14" start="0.014" width="0.001" count="6" />
        <bin index="15" start="0.015" width="0.001" count="10" />
        <bin index="16" start="0.016" width="0.001" count="1" />
        <bin index="17" start="0.017" width="0.001" count="1" />
        <bin index="18" start="0.018" width="0.001" count="4" />
        <bin index="19" start="0.019" width="0.001" count="3" />
        <bin index="20" start="0.02" width="0.001" count="3" />
        <bin index="21" start="0.021" width="0.001" count="4" />
        <bin index="22" start="0.022" width="0.001" count="3" />
        <bin index="23" start="0.023" width="0.001" count="3" />
        <bin index="24" start="0.024" width="0.001" count="1" />
        <bin index="25" start="0.025" width="0.001" count="2" />
        <bin index="26" start="0.026" width="0.001" count="1" />
        <bin index="27" start="0.027" width="0.001" count="3" />
        <bin index="28" start="0.028" width="0.001" count="2" />
        <bin index="29" start="0.029" width="0.001" count="4" />
        <bin index="30" start="0.03" width="0.001" count="6" />
        <bin index="31" start="0.031" width="0.001" count="5" />
        <bin index="33" start="0.033" width="0.001" count="3" />
        <bin index="35" start="0.035" width="0.001" count="1" />
        <bin index="36" start="0.036" width="0.001" count="2" />
        <bin index="38" start="0.038" width="0.001" count="1" />
        <bin index="40" start="0.04" width="0.001" count="1" />
        <bin index="43" start="0.043" width="0.001" count="1" />
        <bin index="44" start="0.044" width="0.001" count="2" />
        <bin index="46" start="0.046" width="0.001" count="2" />
        <bin index="47" start="0.047" width="0.001" count="1" />
        <bin index="54" start="0.054" width="0.001" count="3" />
        <bin index="59" start="0.059" width="0.001" count="1" />
        <bin index="61" start="0.061" width="0.001" count="1" />
        <bin index="62" start="0.062" width="0.001" count="1" />
        <bin index="63" start="0.063" width="0.001" count="1" />
        <bin index="64" start="0.064" width="0.001" count="1" />
        <bin index="66" start="0.066" width="0.001" count="1" />
        <bin index="68" start="0.068" width="0.001" count="2" />
        <bin index="70" start="0.07" width="0.001" count="1" />
        <bin index="71" start="0.071" width="0.001" count="1" />
        <bin index="72" start="0.072" width="0.001" count="1" />
        <bin index="74" start="0.074" width="0.001" count="1" />
        <bin index="76" start="0.076" width="0.001" count="1" />
        <bin index="77" start="0.077" width="0.001" count="1" />
      </jitterHistogram>
      <packetSizeHistogram nBins="53" >
        <bin index="2" start="40" width="20" count="4" />
        <bin index="52" start="1040" width="20" count="34014" />
      </packetSizeHistogram>
      <flowInterruptionsHistogram nBins="8" >
        <bin index="2" start="0.5" width="0.25" count="7" />
        <bin index="3" start="0.75" width="0.25" count="5" />
        <bin index="4" start="1" width="0.25" count="5" />
        <bin index="5" start="1.25" width="0.25" count="3" />
        <bin index="6" start="1.5" width="0.25" count="1" />
        <bin index="7" start="1.75" width="0.25" count="2" />
      </flowInterruptionsHistogram>
    </Flow>
    <Flow flowId="3" timeFirstTxPacket="+105151038.0ns" timeFirstRxPacket="+110302076.0ns" timeLastTxPacket="+60099715398.0ns" timeLastRxPacket="+60099803717.0ns" delaySum="+359278382149.0ns" jitterSum="+12093962969.0ns" lastDelay="+5147519.0ns" txBytes="982492" rxBytes="982076" txPackets="18894" rxPackets="18886" lostPackets="5" timesForwarded="18886">
      <packetsDropped reasonCode="0" number="0" />
      <packetsDropped reasonCode="1" number="0" />
      <packetsDropped reasonCode="2" number="0" />
      <packetsDropped reasonCode="3" number="0" />
      <packetsDropped reasonCode="4" number="5" />
      <bytesDropped reasonCode="0" bytes="0" />
      <bytesDropped reasonCode="1" bytes="0" />
      <bytesDropped reasonCode="2" bytes="0" />
      <bytesDropped reasonCode="3" bytes="0" />
      <bytesDropped reasonCode="4" bytes="260" />
      <delayHistogram nBins="106" >
        <bin index="5" start="0.005" width="0.001" count="12225" />
        <bin index="6" start="0.006" width="0.001" count="519" />
        <bin index="7" start="0.007" width="0.001" count="119" />
        <bin index="8" start="0.008" width="0.001" count="87" />
        <bin index="9" start="0.009" width="0.001" count="94" />
        <bin index="10" start="0.01" width="0.001" count="122" />
        <bin index="11" start="0.011" width="0.001" count="81" />
        <bin index="12" start="0.012" width="0.001" count="95" />
        <bin index="13" start="0.013" width="0.001" count="71" />
        <bin index="14" start="0.014" width="0.001" count="92" />
        <bin index="15" start="0.015" width="0.001" count="114" />
        <bin index="16" start="0.016" width="0.001" count="73" />
        <bin index="17" start="0.017" width="0.001" count="85" />
        <bin index="18" start="0.018" width="0.001" count="61" />
        <bin index="19" start="0.019" width="0.001" count="89" />
        <bin index="20" start="0.02" width="0.001" count="84" />
        <bin index="21" start="0.021" width="0.001" count="46" />
        <bin index="22" start="0.022" width="0.001" count="77" />
        <bin index="23" start="0.023" width="0.001" count="52" />
        <bin index="24" start="0.024" width="0.001" count="88" />
        <bin index="25" start="0.025" width="0.001" count="70" />
        <bin index="26" start="0.026" width="0.001" count="59" />
        <bin index="27" start="0.027" width="0.001" count="71" />
        <bin index="28" start="0.028" width="0.001" count="60" />
        <bin index="29" start="0.029" width="0.001" count="49" />
        <bin index="30" start="0.03" width="0.001" count="66" />
        <bin index="31" start="0.031" width="0.001" count="43" />
        <bin index="32" start="0.032" width="0.001" count="52" />
        <bin index="33" start="0.033" width="0.001" count="66" />
        <bin index="34" start="0.034" width="0.001" count="53" />
        <bin index="35" start="0.035" width="0.001" count="68" />
        <bin index="36" start="0.036" width="0.001" count="59" />
        <bin index="37" start="0.037" width="0.001" count="66" />
        <bin index="38" start="0.038" width="0.001" count="62" />
        <bin index="39" start="0.039" width="0.001" count="64" />
        <bin index="40" start="0.04" width="0.001" count="73" />
        <bin index="41" start="0.041" width="0.001" count="72" />
        <bin index="42" start="0.042" width="0.001" count="73" />
        <bin index="43" start="0.043" width="0.001" count="65" />
        <bin index="44" start="0.044" width="0.001" count="72" />
        <bin index="45" start="0.045" width="0.001" count="68" />
        <bin index="46" start="0.046" width="0.001" count="57" />
        <bin index="47" start="0.047" width="0.001" count="67" />
        <bin index="48" start="0.048" width="0.001" count="56" />
        <bin index="49" start="0.049" width="0.001" count="54" />
        <bin index="50" start="0.05" width="0.001" count="54" />
        <bin index="51" start="0.051" width="0.001" count="49" />
        <bin index="52" start="0.052" width="0.001" count="65" />
        <bin index="53" start="0.053" width="0.001" count="68" />
        <bin index="54" start="0.054" width="0.001" count="60" />
        <bin index="55" start="0.055" width="0.001" count="82" />
        <bin index="56" start="0.056" width="0.001" count="69" />
        <bin index="57" start="0.057" width="0.001" count="86" />
        <bin index="58" start="0.058" width="0.001" count="73" />
        <bin index="59" start="0.059" width="0.001" count="76" />
        <bin index="60" start="0.06" width="0.001" count="81" />
        <bin index="61" start="0.061" width="0.001" count="114" />
        <bin index="62" start="0.062" width="0.001" count="106" />
        <bin index="63" start="0.063" width="0.001" count="98" />
        <bin index="64" start="0.064" width="0.001" count="96" />
        <bin index="65" start="0.065" width="0.001" count="82" />
        <bin index="66" start="0.066" width="0.001" count="72" />
        <bin index="67" start="0.067" width="0.001" count="99" />
        <bin index="68" start="0.068" width="0.001" count="102" />
        <bin index="69" start="0.069" width="0.001" count="137" />
        <bin index="70" start="0.07" width="0.001" count="75" />
        <bin index="71" start="0.071" width="0.001" count="81" />
        <bin index="72" start="0.072" width="0.001" count="74" />
        <bin index="73" start="0.073" width="0.001" count="76" />
        <bin index="74" start="0.074" width="0.001" count="61" />
        <bin index="75" start="0.075" width="0.001" count="59" />
        <bin index="76" start="0.076" width="0.001" count="69" />
        <bin index="77" start="0.077" width="0.001" count="98" />
        <bin index="78" start="0.078" width="0.001" count="94" />
        <bin index="79" start="0.079" width="0.001" count="132" />
        <bin index="80" start="0.08" width="0.001" count="115" />
        <bin index="81" start="0.081" width="0.001" count="134" />
        <bin index="82" start="0.082" width="0.001" count="56" />
        <bin index="83" start="0.083" width="0.001" count="71" />
        <bin index="84" start="0.084" width="0.001" count="25" />
        <bin index="85" start="0.085" width="0.001" count="29" />
        <bin index="86" start="0.086" width="0.001" count="30" />
        <bin index="87" start="0.087" width="0.001" count="33" />
        <bin index="88" start="0.088" width="0.001" count="15" />
        <bin index="89" start="0.089" width="0.001" count="7" />
        <bin index="90" start="0.09" width="0.001" count="13" />
        <bin index="91" start="0.091" width="0.001" count="7" />
        <bin index="92" start="0.092" width="0.001" count="1" />
        <bin index="93" start="0.093" width="0.001" count="2" />
        <bin index="95" start="0.095" width="0.001" count="1" />
        <bin index="96" start="0.096" width="0.001" count="2" />
        <bin index="97" start="0.097" width="0.001" count="2" />
        <bin index="98" start="0.098" width="0.001" count="2" />
        <bin index="99" start="0.099" width="0.001" count="2" />
        <bin index="100" start="0.1" width="0.001" count="3" />
        <bin index="101" start="0.101" width="0.001" count="3" />
        <bin index="102" start="0.102" width="0.001" count="2" />
        <bin index="103" start="0.103" width="0.001" count="1" />
        <bin index="104" start="0.104" width="0.001" count="2" />
        <bin index="105" start="0.105" width="0.001" count="1" />
      </delayHistogram>
      <jitterHistogram nBins="96" >
        <bin index="0" start="0" width="0.001" count="14572" />
        <bin index="1" start="0.001" width="0.001" count="3864" />
        <bin index="2" start="0.002" width="0.001" count="141" />
        <bin index="3" start="0.003" width="0.001" count="133" />
        <bin index="4" start="0.004" width="0.001" count="23" />
        <bin index="5" start="0.005" width="0.001" count="13" />
        <bin index="6" start="0.006" width="0.001" count="13" />
        <bin index="7" start="0.007" width="0.001" count="4" />
        <bin index="8" start="0.008" width="0.001" count="5" />
        <bin index="9" start="0.009" width="0.001" count="4" />
        <bin index="10" start="0.01" width="0.001" count="4" />
        <bin index="11" start="0.011" width="0.001" count="4" />
        <bin index="12" start="0.012" width="0.001" count="6" />
        <bin index="13" start="0.013" width="0.001" count="2" />
        <bin index="14" start="0.014" width="0.001" count="3" />
        <bin index="15" start="0.015" width="0.001" count="4" />
        <bin index="16" start="0.016" width="0.001" count="1" />
        <bin index="17" start="0.017" width="0.001" count="2" />
        <bin index="18" start="0.018" width="0.001" count="1" />
        <bin index="19" start="0.019" width="0.001" count="2" />
        <bin index="20" start="0.02" width="0.001" count="6" />
        <bin index="21" start="0.021" width="0.001" count="6" />
        <bin index="22" start="0.022" width="0.001" count="2" />
        <bin index="23" start="0.023" width="0.001" count="2" />
        <bin index="24" start="0.024" width="0.001" count="5" />
        <bin index="25" start="0.025" width="0.001" count="2" />
        <bin index="27" start="0.027" width="0.001" count="2" />
        <bin index="28" start="0.028" width="0.001" count="3" />
        <bin index="30" start="0.03" width="0.001" count="5" />
        <bin index="31" start="0.031" width="0.001" count="4" />
        <bin index="32" start="0.032" width="0.001" count="6" />
        <bin index="33" start="0.033" width="0.001" count="6" />
        <bin index="34" start="0.034" width="0.001" count="3" />
        <bin index="35" start="0.035" width="0.001" count="2" />
        <bin index="36" start="0.036" width="0.001" count="5" />
        <bin index="37" start="0.037" width="0.001" count="3" />
        <bin index="38" start="0.038" width="0.001" count="5" />
        <bin index="39" start="0.039" width="0.001" count="3" />
        <bin index="42" start="0.042" width="0.001" count="1" />
        <bin index="47" start="0.047" width="0.001" count="1" />
        <bin index="52" start="0.052" width="0.001" count="2" />
        <bin index="57" start="0.057" width="0.001" count="1" />
        <bin index="61" start="0.061" width="0.001" count="1" />
        <bin index="62" start="0.062" width="0.001" count="1" />
        <bin index="64" start="0.064" width="0.001" count="1" />
        <bin index="67" start="0.067" width="0.001" count="1" />
        <bin index="71" start="0.071" width="0.001" count="1" />
        <bin index="75" start="0.075" width="0.001" count="1" />
        <bin index="76" start="0.076" width="0.001" count="1" />
        <bin index="84" start="0.084" width="0.001" count="1" />
        <bin index="95" start="0.095" width="0.001" count="1" />
      </jitterHistogram>
      <packetSizeHistogram nBins="3" >
        <bin index="2" start="40" width="20" count="18886" />
      </packetSizeHistogram>
      <flowInterruptionsHistogram nBins="8" >
        <bin index="2" start="0.5" width="0.25" count="5" />
        <bin index="3" start="0.75" width="0.25" count="8" />
        <bin index="4" start="1" width="0.25" count="2" />
        <bin index="6" start="1.5" width="0.25" count="1" />
        <bin index="7" start="1.75" width="0.25" count="1" />
      </flowInterruptionsHistogram>
    </Flow>
    <Flow flowId="4" timeFirstTxPacket="+105151038.0ns" timeFirstRxPacket="+110302076.0ns" timeLastTxPacket="+60005145993.0ns" timeLastRxPacket="+60065144198.0ns" delaySum="+311534230020.0ns" jitterSum="+12229768715.0ns" lastDelay="+59998205.0ns" txBytes="892532" rxBytes="892376" txPackets="17164" rxPackets="17161" lostPackets="3" timesForwarded="17161">
      <packetsDropped reasonCode="0" number="0" />
      <packetsDropped reasonCode="1" number="0" />
      <packetsDropped reasonCode="2" number="0" />
      <packetsDropped reasonCode="3" number="0" />
      <packetsDropped reasonCode="4" number="3" />
      <bytesDropped reasonCode="0" bytes="0" />
      <bytesDropped reasonCode="1" bytes="0" />
      <bytesDropped reasonCode="2" bytes="0" />
      <bytesDropped reasonCode="3" bytes="0" />
      <bytesDropped reasonCode="4" bytes="156" />
      <delayHistogram nBins="104" >
        <bin index="5" start="0.005" width="0.001" count="10502" />
        <bin index="6" start="0.006" width="0.001" count="536" />
        <bin index="7" start="0.007" width="0.001" count="125" />
        <bin index="8" start="0.008" width="0.001" count="113" />
        <bin index="9" start="0.009" width="0.001" count="92" />
        <bin index="10" start="0.01" width="0.001" count="172" />
        <bin index="11" start="0.011" width="0.001" count="105" />
        <bin index="12" start="0.012" width="0.001" count="99" />
        <bin index="13" start="0.013" width="0.001" count="110" />
        <bin index="14" start="0.014" width="0.001" count="101" />
        <bin index="15" start="0.015" width="0.001" count="155" />
        <bin index="16" start="0.016" width="0.001" count="104" />
        <bin index="17" start="0.017" width="0.001" count="96" />
        <bin index="18" start="0.018" width="0.001" count="103" />
        <bin index="19" start="0.019" width="0.001" count="132" />
        <bin index="20" start="0.02" width="0.001" count="103" />
        <bin index="21" start="0.021" width="0.001" count="105" />
        <bin index="22" start="0.022" width="0.001" count="91" />
        <bin index="23" start="0.023" width="0.001" count="94" />
        <bin index="24" start="0.024" width="0.001" count="148" />
        <bin index="25" start="0.025" width="0.001" count="81" />
        <bin index="26" start="0.026" width="0.001" count="86" />
        <bin index="27" start="0.027" width="0.001" count="86" />
        <bin index="28" start="0.028" width="0.001" count="85" />
        <bin index="29" start="0.029" width="0.001" count="131" />
        <bin index="30" start="0.03" width="0.001" count="74" />
        <bin index="31" start="0.031" width="0.001" count="88" />
        <bin index="32" start="0.032" width="0.001" count="78" />
        <bin index="33" start="0.033" width="0.001" count="128" />
        <bin index="34" start="0.034" width="0.001" count="85" />
        <bin index="35" start="0.035" width="0.001" count="71" />
        <bin index="36" start="0.036" width="0.001" count="95" />
        <bin index="37" start="0.037" width="0.001" count="75" />
        <bin index="38" start="0.038" width="0.001" count="111" />
        <bin index="39" start="0.039" width="0.001" count="71" />
        <bin index="40" start="0.04" width="0.001" count="38" />
        <bin index="41" start="0.041" width="0.001" count="53" />
        <bin index="42" start="0.042" width="0.001" count="34" />
        <bin index="43" start="0.043" width="0.001" count="34" />
        <bin index="44" start="0.044" width="0.001" count="40" />
        <bin index="45" start="0.045" width="0.001" count="35" />
        <bin index="46" start="0.046" width="0.001" count="56" />
        <bin index="47" start="0.047" width="0.001" count="64" />
        <bin index="48" start="0.048" width="0.001" count="45" />
        <bin index="49" start="0.049" width="0.001" count="51" />
        <bin index="50" start="0.05" width="0.001" count="62" />
        <bin index="51" start="0.051" width="0.001" count="50" />
        <bin index="52" start="0.052" width="0.001" count="65" />
        <bin index="53" start="0.053" width="0.001" count="46" />
        <bin index="54" start="0.054" width="0.001" count="60" />
        <bin index="55" start="0.055" width="0.001" count="59" />
        <bin index="56" start="0.056" width="0.001" count="56" />
        <bin index="57" start="0.057" width="0.001" count="63" />
        <bin index="58" start="0.058" width="0.001" count="50" />
        <bin index="59" start="0.059" width="0.001" count="66" />
        <bin index="60" start="0.06" width="0.001" count="68" />
        <bin index="61" start="0.061" width="0.001" count="43" />
        <bin index="62" start="0.062" width="0.001" count="56" />
        <bin index="63" start="0.063" width="0.001" count="53" />
        <bin index="64" start="0.064" width="0.001" count="77" />
        <bin index="65" start="0.065" width="0.001" count="100" />
        <bin index="66" start="0.066" width="0.001" count="74" />
        <bin index="67" start="0.067" width="0.001" count="67" />
        <bin index="68" start="0.068" width="0.001" count="55" />
        <bin index="69" start="0.069" width="0.001" count="44" />
        <bin index="70" start="0.07" width="0.001" count="40" />
        <bin index="71" start="0.071" width="0.001" count="32" />
        <bin index="72" start="0.072" width="0.001" count="50" />
        <bin index="73" start="0.073" width="0.001" count="36" />
        <bin index="74" start="0.074" width="0.001" count="85" />
        <bin index="75" start="0.075" width="0.001" count="110" />
        <bin index="76" start="0.076" width="0.001" count="94" />
        <bin index="77" start="0.077" width="0.001" count="58" />
        <bin index="78" start="0.078" width="0.001" count="57" />
        <bin index="79" start="0.079" width="0.001" count="89" />
        <bin index="80" start="0.08" width="0.001" count="48" />
        <bin index="81" start="0.081" width="0.001" count="54" />
        <bin index="82" start="0.082" width="0.001" count="79" />
        <bin index="83" start="0.083" width="0.001" count="80" />
        <bin index="84" start="0.084" width="0.001" count="13" />
        <bin index="85" start="0.085" width="0.001" count="55" />
        <bin index="86" start="0.086" width="0.001" count="24" />
        <bin index="87" start="0.087" width="0.001" count="9" />
        <bin index="88" start="0.088" width="0.001" count="6" />
        <bin index="89" start="0.089" width="0.001" count="6" />
        <bin index="90" start="0.09" width="0.001" count="7" />
        <bin index="91" start="0.091" width="0.001" count="3" />
        <bin index="92" start="0.092" width="0.001" count="8" />
        <bin index="93" start="0.093" width="0.001" count="3" />
        <bin index="94" start="0.094" width="0.001" count="2" />
        <bin index="95" start="0.095" width="0.001" count="2" />
        <bin index="97" start="0.097" width="0.001" count="2" />
        <bin index="98" start="0.098" width="0.001" count="3" />
        <bin index="99" start="0.099" width="0.001" count="2" />
        <bin index="100" start="0.1" width="0.001" count="2" />
        <bin index="101" start="0.101" width="0.001" count="2" />
        <bin index="102" start="0.102" width="0.001" count="4" />
        <bin index="103" start="0.103" width="0.001" count="1" />
      </delayHistogram>
      <jitterHistogram nBins="76" >
        <bin index="0" start="0" width="0.001" count="12426" />
        <bin index="1" start="0.001" width="0.001" count="4219" />
        <bin index="2" start="0.002" width="0.001" count="182" />
        <bin index="3" start="0.003" width="0.001" count="156" />
        <bin index="4" start="0.004" width="0.001" count="40" />
        <bin index="5" start="0.005" width="0.001" count="15" />
        <bin index="6" start="0.006" width="0.001" count="8" />
        <bin index="8" start="0.008" width="0.001" count="3" />
        <bin index="9" start="0.009" width="0.001" count="2" />
        <bin index="10" start="0.01" width="0.001" count="5" />
        <bin index="11" start="0.011" width="0.001" count="4" />
        <bin index="12" start="0.012" width="0.001" count="5" />
        <bin index="13" start="0.013" width="0.001" count="5" />
        <bin index="14" start="0.014" width="0.001" count="12" />
        <bin index="15" start="0.015" width="0.001" count="1" />
        <bin index="16" start="0.016" width="0.001" count="3" />
        <bin index="17" start="0.017" width="0.001" count="1" />
        <bin index="18" start="0.018" width="0.001" count="5" />
        <bin index="19" start="0.019" width="0.001" count="1" />
        <bin index="20" start="0.02" width="0.001" count="2" />
        <bin index="21" start="0.021" width="0.001" count="2" />
        <bin index="22" start="0.022" width="0.001" count="5" />
        <bin index="23" start="0.023" width="0.001" count="1" />
        <bin index="24" start="0.024" width="0.001" count="1" />
        <bin index="26" start="0.026" width="0.001" count="4" />
        <bin index="27" start="0.027" width="0.001" count="1" />
        <bin index="28" start="0.028" width="0.001" count="3" />
        <bin index="29" start="0.029" width="0.001" count="5" />
        <bin index="30" start="0.03" width="0.001" count="9" />
        <bin index="31" start="0.031" width="0.001" count="2" />
        <bin index="32" start="0.032" width="0.001" count="3" />
        <bin index="33" start="0.033" width="0.001" count="2" />
        <bin index="36" start="0.036" width="0.001" count="2" />
        <bin index="37" start="0.037" width="0.001" count="1" />
        <bin index="38" start="0.038" width="0.001" count="1" />
        <bin index="40" start="0.04" width="0.001" count="1" />
        <bin index="41" start="0.041" width="0.001" count="3" />
        <bin index="43" start="0.043" width="0.001" count="3" />
        <bin index="45" start="0.045" width="0.001" count="1" />
        <bin index="48" start="0.048" width="0.001" count="1" />
        <bin index="49" start="0.049" width="0.001" count="1" />
        <bin index="50" start="0.05" width="0.001" count="1" />
        <bin index="52" start="0.052" width="0.001" count="1" />
        <bin index="54" start="0.054" width="0.001" count="3" />
        <bin index="58" start="0.058" width="0.001" count="1" />
        <bin index="62" start="0.062" width="0.001" count="1" />
        <bin index="63" start="0.063" width="0.001" count="1" />
        <bin index="66" start="0.066" width="0.001" count="1" />
        <bin index="71" start="0.071" width="0.001" count="1" />
        <bin index="72" start="0.072" width="0.001" count="1" />
        <bin index="73" start="0.073" width="0.001" count="1" />
        <bin index="75" start="0.075" width="0.001" count="1" />
      </jitterHistogram>
      <packetSizeHistogram nBins="3" >
        <bin index="2" start="40" width="20" count="17161" />
      </packetSizeHistogram>
      <flowInterruptionsHistogram nBins="8" >
        <bin index="2" start="0.5" width="0.25" count="6" />
        <bin index="3" start="0.75" width="0.25" count="6" />
        <bin index="4" start="1" width="0.25" count="4" />
        <bin index="5" start="1.25" width="0.25" count="1" />
        <bin index="6" start="1.5" width="0.25" count="1" />
        <bin index="7" start="1.75" width="0.25" count="2" />
      </flowInterruptionsHistogram>
    </Flow>
  </FlowStats>
  <Ipv4FlowClassifier>
    <Flow flowId="4" sourceAddress="192.168.1.1" destinationAddress="192.168.2.2" protocol="6" sourcePort="8" destinationPort="49153" />
    <Flow flowId="1" sourceAddress="192.168.1.1" destinationAddress="192.168.2.2" protocol="6" sourcePort="49153" destinationPort="7" />
    <Flow flowId="3" sourceAddress="192.168.2.2" destinationAddress="192.168.1.1" protocol="6" sourcePort="7" destinationPort="49153" />
    <Flow flowId="2" sourceAddress="192.168.2.2" destinationAddress="192.168.1.1" protocol="6" sourcePort="49153" destinationPort="8" />
  </Ipv4FlowClassifier>
  <Ipv6FlowClassifier>
  </Ipv6FlowClassifier>
  <FlowProbes>
    <FlowProbe index="0">
      <FlowStats  flowId="1" packets="37100" bytes="39027204" delayFromFirstProbeSum="+0.0ns" >
      </FlowStats>
      <FlowStats  flowId="2" packets="34018" bytes="35782940" delayFromFirstProbeSum="+1856561545429.0ns" >
      </FlowStats>
      <FlowStats  flowId="3" packets="18886" bytes="982076" delayFromFirstProbeSum="+359278382149.0ns" >
      </FlowStats>
      <FlowStats  flowId="4" packets="17164" bytes="892532" delayFromFirstProbeSum="+0.0ns" >
      </FlowStats>
    </FlowProbe>
    <FlowProbe index="1">
    </FlowProbe>
    <FlowProbe index="2">
      <FlowStats  flowId="1" packets="37100" bytes="39027204" delayFromFirstProbeSum="+11296099234.0ns" >
        <packetsDropped reasonCode="0" number="0" />
        <packetsDropped reasonCode="1" number="0" />
        <packetsDropped reasonCode="2" number="0" />
        <packetsDropped reasonCode="3" number="0" />
        <packetsDropped reasonCode="4" number="16" />
        <bytesDropped reasonCode="0" bytes="0" />
        <bytesDropped reasonCode="1" bytes="0" />
        <bytesDropped reasonCode="2" bytes="0" />
        <bytesDropped reasonCode="3" bytes="0" />
        <bytesDropped reasonCode="4" bytes="16832" />
      </FlowStats>
      <FlowStats  flowId="2" packets="34018" bytes="35782940" delayFromFirstProbeSum="+1850291667353.0ns" >
      </FlowStats>
      <FlowStats  flowId="3" packets="18886" bytes="982076" delayFromFirstProbeSum="+357138819670.0ns" >
      </FlowStats>
      <FlowStats  flowId="4" packets="17164" bytes="892532" delayFromFirstProbeSum="+1815252760.0ns" >
        <packetsDropped reasonCode="0" number="0" />
        <packetsDropped reasonCode="1" number="0" />
        <packetsDropped reasonCode="2" number="0" />
        <packetsDropped reasonCode="3" number="0" />
        <packetsDropped reasonCode="4" number="3" />
        <bytesDropped reasonCode="0" bytes="0" />
        <bytesDropped reasonCode="1" bytes="0" />
        <bytesDropped reasonCode="2" bytes="0" />
        <bytesDropped reasonCode="3" bytes="0" />
        <bytesDropped reasonCode="4" bytes="156" />
      </FlowStats>
    </FlowProbe>
    <FlowProbe index="3">
    </FlowProbe>
    <FlowProbe index="4">
      <FlowStats  flowId="1" packets="37079" bytes="39005112" delayFromFirstProbeSum="+1916370098250.0ns" >
      </FlowStats>
      <FlowStats  flowId="2" packets="34025" bytes="35790304" delayFromFirstProbeSum="+0.0ns" >
        <packetsDropped reasonCode="0" number="0" />
        <packetsDropped reasonCode="1" number="0" />
        <packetsDropped reasonCode="2" number="0" />
        <packetsDropped reasonCode="3" number="0" />
        <packetsDropped reasonCode="4" number="7" />
        <bytesDropped reasonCode="0" bytes="0" />
        <bytesDropped reasonCode="1" bytes="0" />
        <bytesDropped reasonCode="2" bytes="0" />
        <bytesDropped reasonCode="3" bytes="0" />
        <bytesDropped reasonCode="4" bytes="7364" />
      </FlowStats>
      <FlowStats  flowId="3" packets="18894" bytes="982492" delayFromFirstProbeSum="+0.0ns" >
        <packetsDropped reasonCode="0" number="0" />
        <packetsDropped reasonCode="1" number="0" />
        <packetsDropped reasonCode="2" number="0" />
        <packetsDropped reasonCode="3" number="0" />
        <packetsDropped reasonCode="4" number="5" />
        <bytesDropped reasonCode="0" bytes="0" />
        <bytesDropped reasonCode="1" bytes="0" />
        <bytesDropped reasonCode="2" bytes="0" />
        <bytesDropped reasonCode="3" bytes="0" />
        <bytesDropped reasonCode="4" bytes="260" />
      </FlowStats>
      <FlowStats  flowId="4" packets="17161" bytes="892376" delayFromFirstProbeSum="+311534230020.0ns" >
      </FlowStats>
    </FlowProbe>
    <FlowProbe index="5">
    </FlowProbe>
  </FlowProbes>
</FlowMonitor>
