<?xml version="1.0" ?>
<FlowMonitor>
  <FlowStats>
    <Flow flowId="1" timeFirstTxPacket="+100000000.0ns" timeFirstRxPacket="+105151038.0ns" timeLastTxPacket="+60009880519.0ns" timeLastRxPacket="+60099240198.0ns" delaySum="+2112287837382.0ns" jitterSum="+39206616523.0ns" lastDelay="+94418879.0ns" txBytes="41522548" rxBytes="41509924" txPackets="39472" rxPackets="39460" lostPackets="6" timesForwarded="39460">
      <packetsDropped reasonCode="0" number="0" />
      <packetsDropped reasonCode="1" number="0" />
      <packetsDropped reasonCode="2" number="0" />
      <packetsDropped reasonCode="3" number="0" />
      <packetsDropped reasonCode="4" number="6" />
      <bytesDropped reasonCode="0" bytes="0" />
      <bytesDropped reasonCode="1" bytes="0" />
      <bytesDropped reasonCode="2" bytes="0" />
      <bytesDropped reasonCode="3" bytes="0" />
      <bytesDropped reasonCode="4" bytes="6312" />
      <delayHistogram nBins="106" >
        <bin index="5" start="0.005" width="0.001" count="2" />
        <bin index="6" start="0.006" width="0.001" count="829" />
        <bin index="7" start="0.007" width="0.001" count="282" />
        <bin index="8" start="0.008" width="0.001" count="273" />
        <bin index="9" start="0.009" width="0.001" count="279" />
        <bin index="10" start="0.01" width="0.001" count="461" />
        <bin index="11" start="0.011" width="0.001" count="330" />
        <bin index="12" start="0.012" width="0.001" count="269" />
        <bin index="13" start="0.013" width="0.001" count="273" />
        <bin index="14" start="0.014" width="0.001" count="293" />
        <bin index="15" start="0.015" width="0.001" count="453" />
        <bin index="16" start="0.016" width="0.001" count="293" />
        <bin index="17" start="0.017" width="0.001" count="278" />
        <bin index="18" start="0.018" width="0.001" count="272" />
        <bin index="19" start="0.019" width="0.001" count="291" />
        <bin index="20" start="0.02" width="0.001" count="445" />
        <bin index="21" start="0.021" width="0.001" count="292" />
        <bin index="22" start="0.022" width="0.001" count="289" />
        <bin index="23" start="0.023" width="0.001" count="287" />
        <bin index="24" start="0.024" width="0.001" count="417" />
        <bin index="25" start="0.025" width="0.001" count="302" />
        <bin index="26" start="0.026" width="0.001" count="298" />
        <bin index="27" start="0.027" width="0.001" count="285" />
        <bin index="28" start="0.028" width="0.001" count="286" />
        <bin index="29" start="0.029" width="0.001" count="429" />
        <bin index="30" start="0.03" width="0.001" count="258" />
        <bin index="31" start="0.031" width="0.001" count="245" />
        <bin index="32" start="0.032" width="0.001" count="248" />
        <bin index="33" start="0.033" width="0.001" count="277" />
        <bin index="34" start="0.034" width="0.001" count="285" />
        <bin index="35" start="0.035" width="0.001" count="219" />
        <bin index="36" start="0.036" width="0.001" count="216" />
        <bin index="37" start="0.037" width="0.001" count="236" />
        <bin index="38" start="0.038" width="0.001" count="284" />
        <bin index="39" start="0.039" width="0.001" count="226" />
        <bin index="40" start="0.04" width="0.001" count="365" />
        <bin index="41" start="0.041" width="0.001" count="505" />
        <bin index="42" start="0.042" width="0.001" count="875" />
        <bin index="43" start="0.043" width="0.001" count="455" />
        <bin index="44" start="0.044" width="0.001" count="277" />
        <bin index="45" start="0.045" width="0.001" count="231" />
        <bin index="46" start="0.046" width="0.001" count="293" />
        <bin index="47" start="0.047" width="0.001" count="433" />
        <bin index="48" start="0.048" width="0.001" count="380" />
        <bin index="49" start="0.049" width="0.001" count="521" />
        <bin index="50" start="0.05" width="0.001" count="738" />
        <bin index="51" start="0.051" width="0.001" count="799" />
        <bin index="52" start="0.052" width="0.001" count="781" />
        <bin index="53" start="0.053" width="0.001" count="1055" />
        <bin index="54" start="0.054" width="0.001" count="496" />
        <bin index="55" start="0.055" width="0.001" count="532" />
        <bin index="56" start="0.056" width="0.001" count="560" />
        <bin index="57" start="0.057" width="0.001" count="516" />
        <bin index="58" start="0.058" width="0.001" count="809" />
        <bin index="59" start="0.059" width="0.001" count="675" />
        <bin index="60" start="0.06" width="0.001" count="667" />
        <bin index="61" start="0.061" width="0.001" count="531" />
        <bin index="62" start="0.062" width="0.001" count="355" />
        <bin index="63" start="0.063" width="0.001" count="577" />
        <bin index="64" start="0.064" width="0.001" count="655" />
        <bin index="65" start="0.065" width="0.001" count="480" />
        <bin index="66" start="0.066" width="0.001" count="287" />
        <bin index="67" start="0.067" width="0.001" count="442" />
        <bin index="68" start="0.068" width="0.001" count="539" />
        <bin index="69" start="0.069" width="0.001" count="723" />
        <bin index="70" start="0.07" width="0.001" count="656" />
        <bin index="71" start="0.071" width="0.001" count="873" />
        <bin index="72" start="0.072" width="0.001" count="940" />
        <bin index="73" start="0.073" width="0.001" count="768" />
        <bin index="74" start="0.074" width="0.001" count="915" />
        <bin index="75" start="0.075" width="0.001" count="693" />
        <bin index="76" start="0.076" width="0.001" count="609" />
        <bin index="77" start="0.077" width="0.001" count="636" />
        <bin index="78" start="0.078" width="0.001" count="716" />
        <bin index="79" start="0.079" width="0.001" count="593" />
        <bin index="80" start="0.08" width="0.001" count="1077" />
        <bin index="81" start="0.081" width="0.001" count="720" />
        <bin index="82" start="0.082" width="0.001" count="469" />
        <bin index="83" start="0.083" width="0.001" count="328" />
        <bin index="84" start="0.084" width="0.001" count="357" />
        <bin index="85" start="0.085" width="0.001" count="318" />
        <bin index="86" start="0.086" width="0.001" count="316" />
        <bin index="87" start="0.087" width="0.001" count="205" />
        <bin index="88" start="0.088" width="0.001" count="54" />
        <bin index="89" start="0.089" width="0.001" count="9" />
        <bin index="90" start="0.09" width="0.001" count="221" />
        <bin index="91" start="0.091" width="0.001" count="149" />
        <bin index="92" start="0.092" width="0.001" count="5" />
        <bin index="93" start="0.093" width="0.001" count="54" />
        <bin index="94" start="0.094" width="0.001" count="53" />
        <bin index="95" start="0.095" width="0.001" count="5" />
        <bin index="96" start="0.096" width="0.001" count="8" />
        <bin index="97" start="0.097" width="0.001" count="7" />
        <bin index="98" start="0.098" width="0.001" count="7" />
        <bin index="99" start="0.099" width="0.001" count="8" />
        <bin index="100" start="0.1" width="0.001" count="9" />
        <bin index="101" start="0.101" width="0.001" count="11" />
        <bin index="102" start="0.102" width="0.001" count="33" />
        <bin index="103" start="0.103" width="0.001" count="74" />
        <bin index="104" start="0.104" width="0.001" count="284" />
        <bin index="105" start="0.105" width="0.001" count="26" />
      </delayHistogram>
      <jitterHistogram nBins="96" >
        <bin index="0" start="0" width="0.001" count="37576" />
        <bin index="1" start="0.001" width="0.001" count="240" />
        <bin index="2" start="0.002" width="0.001" count="1177" />
        <bin index="3" start="0.003" width="0.001" count="108" />
        <bin index="4" start="0.004" width="0.001" count="165" />
        <bin index="5" start="0.005" width="0.001" count="7" />
        <bin index="6" start="0.006" width="0.001" count="6" />
        <bin index="7" start="0.007" width="0.001" count="4" />
        <bin index="8" start="0.008" width="0.001" count="2" />
        <bin index="9" start="0.009" width="0.001" count="9" />
        <bin index="10" start="0.01" width="0.001" count="2" />
        <bin index="11" start="0.011" width="0.001" count="1" />
        <bin index="12" start="0.012" width="0.001" count="3" />
        <bin index="13" start="0.013" width="0.001" count="1" />
        <bin index="14" start="0.014" width="0.001" count="5" />
        <bin index="15" start="0.015" width="0.001" count="4" />
        <bin index="16" start="0.016" width="0.001" count="1" />
        <bin index="17" start="0.017" width="0.001" count="6" />
        <bin index="18" start="0.018" width="0.001" count="3" />
        <bin index="19" start="0.019" width="0.001" count="3" />
        <bin index="20" start="0.02" width="0.001" count="9" />
        <bin index="21" start="0.021" width="0.001" count="1" />
        <bin index="22" start="0.022" width="0.001" count="7" />
        <bin index="23" start="0.023" width="0.001" count="9" />
        <bin index="24" start="0.024" width="0.001" count="9" />
        <bin index="25" start="0.025" width="0.001" count="11" />
        <bin index="26" start="0.026" width="0.001" count="4" />
        <bin index="27" start="0.027" width="0.001" count="8" />
        <bin index="28" start="0.028" width="0.001" count="7" />
        <bin index="29" start="0.029" width="0.001" count="5" />
        <bin index="30" start="0.03" width="0.001" count="4" />
        <bin index="31" start="0.031" width="0.001" count="2" />
        <bin index="32" start="0.032" width="0.001" count="4" />
        <bin index="33" start="0.033" width="0.001" count="1" />
        <bin index="34" start="0.034" width="0.001" count="3" />
        <bin index="35" start="0.035" width="0.001" count="9" />
        <bin index="36" start="0.036" width="0.001" count="6" />
        <bin index="37" start="0.037" width="0.001" count="3" />
        <bin index="38" start="0.038" width="0.001" count="5" />
        <bin index="40" start="0.04" width="0.001" count="1" />
        <bin index="42" start="0.042" width="0.001" count="1" />
        <bin index="44" start="0.044" width="0.001" count="2" />
        <bin index="45" start="0.045" width="0.001" count="1" />
        <bin index="46" start="0.046" width="0.001" count="1" />
        <bin index="49" start="0.049" width="0.001" count="1" />
        <bin index="50" start="0.05" width="0.001" count="2" />
        <bin index="51" start="0.051" width="0.001" count="2" />
        <bin index="53" start="0.053" width="0.001" count="1" />
        <bin index="55" start="0.055" width="0.001" count="2" />
        <bin index="57" start="0.057" width="0.001" count="1" />
        <bin index="59" start="0.059" width="0.001" count="1" />
        <bin index="60" start="0.06" width="0.001" count="2" />
        <bin index="62" start="0.062" width="0.001" count="1" />
        <bin index="63" start="0.063" width="0.001" count="2" />
        <bin index="64" start="0.064" width="0.001" count="1" />
        <bin index="65" start="0.065" width="0.001" count="1" />
        <bin index="66" start="0.066" width="0.001" count="1" />
        <bin index="67" start="0.067" width="0.001" count="1" />
        <bin index="75" start="0.075" width="0.001" count="1" />
        <bin index="79" start="0.079" width="0.001" count="1" />
        <bin index="80" start="0.08" width="0.001" count="1" />
        <bin index="95" start="0.095" width="0.001" count="1" />
      </jitterHistogram>
      <packetSizeHistogram nBins="53" >
        <bin index="2" start="40" width="20" count="2" />
        <bin index="52" start="1040" width="20" count="39458" />
      </packetSizeHistogram>
      <flowInterruptionsHistogram nBins="8" >
        <bin index="2" start="0.5" width="0.25" count="13" />
        <bin index="3" start="0.75" width="0.25" count="4" />
        <bin index="4" start="1" width="0.25" count="6" />
        <bin index="7" start="1.75" width="0.25" count="2" />
      </flowInterruptionsHistogram>
    </Flow>
    <Flow flowId="2" timeFirstTxPacket="+100000000.0ns" timeFirstRxPacket="+105151038.0ns" timeLastTxPacket="+60099283398.0ns" timeLastRxPacket="+60005145993.0ns" delaySum="+1962717541392.0ns" jitterSum="+35640357565.0ns" lastDelay="+5147519.0ns" txBytes="37132656" rxBytes="37122084" txPackets="35301" rxPackets="35290" lostPackets="10" timesForwarded="35290">
      <packetsDropped reasonCode="0" number="0" />
      <packetsDropped reasonCode="1" number="0" />
      <packetsDropped reasonCode="2" number="0" />
      <packetsDropped reasonCode="3" number="0" />
      <packetsDropped reasonCode="4" number="10" />
      <bytesDropped reasonCode="0" bytes="0" />
      <bytesDropped reasonCode="1" bytes="0" />
      <bytesDropped reasonCode="2" bytes="0" />
      <bytesDropped reasonCode="3" bytes="0" />
      <bytesDropped reasonCode="4" bytes="10520" />
      <delayHistogram nBins="107" >
        <bin index="5" start="0.005" width="0.001" count="3" />
        <bin index="6" start="0.006" width="0.001" count="1221" />
        <bin index="7" start="0.007" width="0.001" count="275" />
        <bin index="8" start="0.008" width="0.001" count="260" />
        <bin index="9" start="0.009" width="0.001" count="233" />
        <bin index="10" start="0.01" width="0.001" count="366" />
        <bin index="11" start="0.011" width="0.001" count="289" />
        <bin index="12" start="0.012" width="0.001" count="265" />
        <bin index="13" start="0.013" width="0.001" count="268" />
        <bin index="14" start="0.014" width="0.001" count="267" />
        <bin index="15" start="0.015" width="0.001" count="419" />
        <bin index="16" start="0.016" width="0.001" count="256" />
        <bin index="17" start="0.017" width="0.001" count="280" />
        <bin index="18" start="0.018" width="0.001" count="259" />
        <bin index="19" start="0.019" width="0.001" count="254" />
        <bin index="20" start="0.02" width="0.001" count="414" />
        <bin index="21" start="0.021" width="0.001" count="264" />
        <bin index="22" start="0.022" width="0.001" count="255" />
        <bin index="23" start="0.023" width="0.001" count="250" />
        <bin index="24" start="0.024" width="0.001" count="374" />
        <bin index="25" start="0.025" width="0.001" count="253" />
        <bin index="26" start="0.026" width="0.001" count="247" />
        <bin index="27" start="0.027" width="0.001" count="218" />
        <bin index="28" start="0.028" width="0.001" count="226" />
        <bin index="29" start="0.029" width="0.001" count="312" />
        <bin index="30" start="0.03" width="0.001" count="230" />
        <bin index="31" start="0.031" width="0.001" count="224" />
        <bin index="32" start="0.032" width="0.001" count="207" />
        <bin index="33" start="0.033" width="0.001" count="245" />
        <bin index="34" start="0.034" width="0.001" count="226" />
        <bin index="35" start="0.035" width="0.001" count="216" />
        <bin index="36" start="0.036" width="0.001" count="215" />
        <bin index="37" start="0.037" width="0.001" count="222" />
        <bin index="38" start="0.038" width="0.001" count="205" />
        <bin index="39" start="0.039" width="0.001" count="182" />
        <bin index="40" start="0.04" width="0.001" count="181" />
        <bin index="41" start="0.041" width="0.001" count="196" />
        <bin index="42" start="0.042" width="0.001" count="387" />
        <bin index="43" start="0.043" width="0.001" count="379" />
        <bin index="44" start="0.044" width="0.001" count="377" />
        <bin index="45" start="0.045" width="0.001" count="466" />
        <bin index="46" start="0.046" width="0.001" count="480" />
        <bin index="47" start="0.047" width="0.001" count="642" />
        <bin index="48" start="0.048" width="0.001" count="468" />
        <bin index="49" start="0.049" width="0.001" count="390" />
        <bin index="50" start="0.05" width="0.001" count="277" />
        <bin index="51" start="0.051" width="0.001" count="228" />
        <bin index="52" start="0.052" width="0.001" count="239" />
        <bin index="53" start="0.053" width="0.001" count="401" />
        <bin index="54" start="0.054" width="0.001" count="418" />
        <bin index="55" start="0.055" width="0.001" count="366" />
        <bin index="56" start="0.056" width="0.001" count="425" />
        <bin index="57" start="0.057" width="0.001" count="486" />
        <bin index="58" start="0.058" width="0.001" count="628" />
        <bin index="59" start="0.059" width="0.001" count="456" />
        <bin index="60" start="0.06" width="0.001" count="387" />
        <bin index="61" start="0.061" width="0.001" count="351" />
        <bin index="62" start="0.062" width="0.001" count="285" />
        <bin index="63" start="0.063" width="0.001" count="573" />
        <bin index="64" start="0.064" width="0.001" count="678" />
        <bin index="65" start="0.065" width="0.001" count="515" />
        <bin index="66" start="0.066" width="0.001" count="492" />
        <bin index="67" start="0.067" width="0.001" count="554" />
        <bin index="68" start="0.068" width="0.001" count="501" />
        <bin index="69" start="0.069" width="0.001" count="474" />
        <bin index="70" start="0.07" width="0.001" count="323" />
        <bin index="71" start="0.071" width="0.001" count="473" />
        <bin index="72" start="0.072" width="0.001" count="613" />
        <bin index="73" start="0.073" width="0.001" count="459" />
        <bin index="74" start="0.074" width="0.001" count="621" />
        <bin index="75" start="0.075" width="0.001" count="596" />
        <bin index="76" start="0.076" width="0.001" count="610" />
        <bin index="77" start="0.077" width="0.001" count="453" />
        <bin index="78" start="0.078" width="0.001" count="480" />
        <bin index="79" start="0.079" width="0.001" count="565" />
        <bin index="80" start="0.08" width="0.001" count="1129" />
        <bin index="81" start="0.081" width="0.001" count="496" />
        <bin index="82" start="0.082" width="0.001" count="431" />
        <bin index="83" start="0.083" width="0.001" count="388" />
        <bin index="84" start="0.084" width="0.001" count="552" />
        <bin index="85" start="0.085" width="0.001" count="859" />
        <bin index="86" start="0.086" width="0.001" count="262" />
        <bin index="87" start="0.087" width="0.001" count="259" />
        <bin index="88" start="0.088" width="0.001" count="283" />
        <bin index="89" start="0.089" width="0.001" count="281" />
        <bin index="90" start="0.09" width="0.001" count="780" />
        <bin index="91" start="0.091" width="0.001" count="572" />
        <bin index="92" start="0.092" width="0.001" count="231" />
        <bin index="93" start="0.093" width="0.001" count="41" />
        <bin index="94" start="0.094" width="0.001" count="30" />
        <bin index="95" start="0.095" width="0.001" count="20" />
        <bin index="96" start="0.096" width="0.001" count="96" />
        <bin index="97" start="0.097" width="0.001" count="266" />
        <bin index="98" start="0.098" width="0.001" count="299" />
        <bin index="99" start="0.099" width="0.001" count="125" />
        <bin index="100" start="0.1" width="0.001" count="9" />
        <bin index="101" start="0.101" width="0.001" count="7" />
        <bin index="102" start="0.102" width="0.001" count="10" />
        <bin index="103" start="0.103" width="0.001" count="27" />
        <bin index="104" start="0.104" width="0.001" count="13" />
        <bin index="105" start="0.105" width="0.001" count="20" />
        <bin index="106" start="0.106" width="0.001" count="11" />
      </delayHistogram>
      <jitterHistogram nBins="88" >
        <bin index="0" start="0" width="0.001" count="33111" />
        <bin index="1" start="0.001" width="0.001" count="193" />
        <bin index="2" start="0.002" width="0.001" count="1461" />
        <bin index="3" start="0.003" width="0.001" count="158" />
        <bin index="4" start="0.004" width="0.001" count="181" />
        <bin index="5" start="0.005" width="0.001" count="24" />
        <bin index="6" start="0.006" width="0.001" count="16" />
        <bin index="7" start="0.007" width="0.001" count="4" />
        <bin index="8" start="0.008" width="0.001" count="6" />
        <bin index="9" start="0.009" width="0.001" count="2" />
        <bin index="10" start="0.01" width="0.001" count="3" />
        <bin index="11" start="0.011" width="0.001" count="4" />
        <bin index="12" start="0.012" width="0.001" count="5" />
        <bin index="13" start="0.013" width="0.001" count="2" />
        <bin index="14" start="0.014" width="0.001" count="2" />
        <bin index="15" start="0.015" width="0.001" count="3" />
        <bin index="16" start="0.016" width="0.001" count="5" />
        <bin index="18" start="0.018" width="0.001" count="2" />
        <bin index="19" start="0.019" width="0.001" count="5" />
        <bin index="20" start="0.02" width="0.001" count="8" />
        <bin index="21" start="0.021" width="0.001" count="3" />
        <bin index="22" start="0.022" width="0.001" count="2" />
        <bin index="23" start="0.023" width="0.001" count="2" />
        <bin index="24" start="0.024" width="0.001" count="3" />
        <bin index="25" start="0.025" width="0.001" count="9" />
        <bin index="26" start="0.026" width="0.001" count="6" />
        <bin index="27" start="0.027" width="0.001" count="13" />
        <bin index="28" start="0.028" width="0.001" count="4" />
        <bin index="29" start="0.029" width="0.001" count="4" />
        <bin index="30" start="0.03" width="0.001" count="7" />
        <bin index="31" start="0.031" width="0.001" count="5" />
        <bin index="32" start="0.032" width="0.001" count="3" />
        <bin index="36" start="0.036" width="0.001" count="1" />
        <bin index="39" start="0.039" width="0.001" count="1" />
        <bin index="40" start="0.04" width="0.001" count="1" />
        <bin index="43" start="0.043" width="0.001" count="2" />
        <bin index="44" start="0.044" width="0.001" count="2" />
        <bin index="46" start="0.046" width="0.001" count="1" />
        <bin index="47" start="0.047" width="0.001" count="1" />
        <bin index="49" start="0.049" width="0.001" count="2" />
        <bin index="51" start="0.051" width="0.001" count="2" />
        <bin index="53" start="0.053" width="0.001" count="1" />
        <bin index="54" start="0.054" width="0.001" count="1" />
        <bin index="55" start="0.055" width="0.001" count="1" />
        <bin index="56" start="0.056" width="0.001" count="1" />
        <bin index="58" start="0.058" width="0.001" count="2" />
        <bin index="59" start="0.059" width="0.001" count="1" />
        <bin index="60" start="0.06" width="0.001" count="1" />
        <bin index="62" start="0.062" width="0.001" count="1" />
        <bin index="66" start="0.066" width="0.001" count="1" />
        <bin index="68" start="0.068" width="0.001" count="1" />
        <bin index="71" start="0.071" width="0.001" count="1" />
        <bin index="72" start="0.072" width="0.001" count="1" />
        <bin index="73" start="0.073" width="0.001" count="1" />
        <bin index="74" start="0.074" width="0.001" count="1" />
        <bin index="76" start="0.076" width="0.001" count="1" />
        <bin index="80" start="0.08" width="0.001" count="2" />
        <bin index="84" start="0.084" width="0.001" count="1" />
        <bin index="87" start="0.087" width="0.001" count="1" />
      </jitterHistogram>
      <packetSizeHistogram nBins="53" >
        <bin index="2" start="40" width="20" count="3" />
        <bin index="52" start="1040" width="20" count="35287" />
      </packetSizeHistogram>
      <flowInterruptionsHistogram nBins="8" >
        <bin index="2" start="0.5" width="0.25" count="8" />
        <bin index="3" start="0.75" width="0.25" count="5" />
        <bin index="4" start="1" width="0.25" count="5" />
        <bin index="5" start="1.25" width="0.25" count="3" />
        <bin index="6" start="1.5" width="0.25" count="1" />
        <bin index="7" start="1.75" width="0.25" count="2" />
      </flowInterruptionsHistogram>
    </Flow>
    <Flow flowId="3" timeFirstTxPacket="+105151038.0ns" timeFirstRxPacket="+110302076.0ns" timeLastTxPacket="+60099240198.0ns" timeLastRxPacket="+60099259718.0ns" delaySum="+398746714222.0ns" jitterSum="+15827117873.0ns" lastDelay="+5147519.0ns" txBytes="1039068" rxBytes="1038808" txPackets="19982" rxPackets="19977" lostPackets="2" timesForwarded="19977">
      <packetsDropped reasonCode="0" number="0" />
      <packetsDropped reasonCode="1" number="0" />
      <packetsDropped reasonCode="2" number="0" />
      <packetsDropped reasonCode="3" number="0" />
      <packetsDropped reasonCode="4" number="2" />
      <bytesDropped reasonCode="0" bytes="0" />
      <bytesDropped reasonCode="1" bytes="0" />
      <bytesDropped reasonCode="2" bytes="0" />
      <bytesDropped reasonCode="3" bytes="0" />
      <bytesDropped reasonCode="4" bytes="104" />
      <delayHistogram nBins="105" >
        <bin index="5" start="0.005" width="0.001" count="11664" />
        <bin index="6" start="0.006" width="0.001" count="364" />
        <bin index="7" start="0.007" width="0.001" count="118" />
        <bin index="8" start="0.008" width="0.001" count="106" />
        <bin index="9" start="0.009" width="0.001" count="99" />
        <bin index="10" start="0.01" width="0.001" count="178" />
        <bin index="11" start="0.011" width="0.001" count="133" />
        <bin index="12" start="0.012" width="0.001" count="128" />
        <bin index="13" start="0.013" width="0.001" count="117" />
        <bin index="14" start="0.014" width="0.001" count="112" />
        <bin index="15" start="0.015" width="0.001" count="183" />
        <bin index="16" start="0.016" width="0.001" count="133" />
        <bin index="17" start="0.017" width="0.001" count="128" />
        <bin index="18" start="0.018" width="0.001" count="113" />
        <bin index="19" start="0.019" width="0.001" count="180" />
        <bin index="20" start="0.02" width="0.001" count="116" />
        <bin index="21" start="0.021" width="0.001" count="127" />
        <bin index="22" start="0.022" width="0.001" count="115" />
        <bin index="23" start="0.023" width="0.001" count="119" />
        <bin index="24" start="0.024" width="0.001" count="158" />
        <bin index="25" start="0.025" width="0.001" count="102" />
        <bin index="26" start="0.026" width="0.001" count="96" />
        <bin index="27" start="0.027" width="0.001" count="102" />
        <bin index="28" start="0.028" width="0.001" count="118" />
        <bin index="29" start="0.029" width="0.001" count="116" />
        <bin index="30" start="0.03" width="0.001" count="90" />
        <bin index="31" start="0.031" width="0.001" count="102" />
        <bin index="32" start="0.032" width="0.001" count="96" />
        <bin index="33" start="0.033" width="0.001" count="121" />
        <bin index="34" start="0.034" width="0.001" count="83" />
        <bin index="35" start="0.035" width="0.001" count="97" />
        <bin index="36" start="0.036" width="0.001" count="94" />
        <bin index="37" start="0.037" width="0.001" count="89" />
        <bin index="38" start="0.038" width="0.001" count="81" />
        <bin index="39" start="0.039" width="0.001" count="74" />
        <bin index="40" start="0.04" width="0.001" count="88" />
        <bin index="41" start="0.041" width="0.001" count="82" />
        <bin index="42" start="0.042" width="0.001" count="93" />
        <bin index="43" start="0.043" width="0.001" count="81" />
        <bin index="44" start="0.044" width="0.001" count="111" />
        <bin index="45" start="0.045" width="0.001" count="97" />
        <bin index="46" start="0.046" width="0.001" count="105" />
        <bin index="47" start="0.047" width="0.001" count="96" />
        <bin index="48" start="0.048" width="0.001" count="105" />
        <bin index="49" start="0.049" width="0.001" count="95" />
        <bin index="50" start="0.05" width="0.001" count="97" />
        <bin index="51" start="0.051" width="0.001" count="116" />
        <bin index="52" start="0.052" width="0.001" count="115" />
        <bin index="53" start="0.053" width="0.001" count="121" />
        <bin index="54" start="0.054" width="0.001" count="118" />
        <bin index="55" start="0.055" width="0.001" count="119" />
        <bin index="56" start="0.056" width="0.001" count="135" />
        <bin index="57" start="0.057" width="0.001" count="116" />
        <bin index="58" start="0.058" width="0.001" count="127" />
        <bin index="59" start="0.059" width="0.001" count="106" />
        <bin index="60" start="0.06" width="0.001" count="100" />
        <bin index="61" start="0.061" width="0.001" count="109" />
        <bin index="62" start="0.062" width="0.001" count="95" />
        <bin index="63" start="0.063" width="0.001" count="101" />
        <bin index="64" start="0.064" width="0.001" count="91" />
        <bin index="65" start="0.065" width="0.001" count="95" />
        <bin index="66" start="0.066" width="0.001" count="141" />
        <bin index="67" start="0.067" width="0.001" count="91" />
        <bin index="68" start="0.068" width="0.001" count="94" />
        <bin index="69" start="0.069" width="0.001" count="80" />
        <bin index="70" start="0.07" width="0.001" count="95" />
        <bin index="71" start="0.071" width="0.001" count="82" />
        <bin index="72" start="0.072" width="0.001" count="66" />
        <bin index="73" start="0.073" width="0.001" count="85" />
        <bin index="74" start="0.074" width="0.001" count="72" />
        <bin index="75" start="0.075" width="0.001" count="77" />
        <bin index="76" start="0.076" width="0.001" count="51" />
        <bin index="77" start="0.077" width="0.001" count="41" />
        <bin index="78" start="0.078" width="0.001" count="39" />
        <bin index="79" start="0.079" width="0.001" count="37" />
        <bin index="80" start="0.08" width="0.001" count="60" />
        <bin index="81" start="0.081" width="0.001" count="33" />
        <bin index="82" start="0.082" width="0.001" count="29" />
        <bin index="83" start="0.083" width="0.001" count="24" />
        <bin index="84" start="0.084" width="0.001" count="20" />
        <bin index="85" start="0.085" width="0.001" count="19" />
        <bin index="86" start="0.086" width="0.001" count="34" />
        <bin index="87" start="0.087" width="0.001" count="24" />
        <bin index="88" start="0.088" width="0.001" count="21" />
        <bin index="89" start="0.089" width="0.001" count="15" />
        <bin index="90" start="0.09" width="0.001" count="9" />
        <bin index="91" start="0.091" width="0.001" count="12" />
        <bin index="92" start="0.092" width="0.001" count="9" />
        <bin index="93" start="0.093" width="0.001" count="7" />
        <bin index="94" start="0.094" width="0.001" count="8" />
        <bin index="95" start="0.095" width="0.001" count="11" />
        <bin index="96" start="0.096" width="0.001" count="3" />
        <bin index="97" start="0.097" width="0.001" count="8" />
        <bin index="98" start="0.098" width="0.001" count="3" />
        <bin index="99" start="0.099" width="0.001" count="3" />
        <bin index="100" start="0.1" width="0.001" count="4" />
        <bin index="101" start="0.101" width="0.001" count="1" />
        <bin index="102" start="0.102" width="0.001" count="2" />
        <bin index="104" start="0.104" width="0.001" count="1" />
      </delayHistogram>
      <jitterHistogram nBins="86" >
        <bin index="0" start="0" width="0.001" count="13896" />
        <bin index="1" start="0.001" width="0.001" count="5543" />
        <bin index="2" start="0.002" width="0.001" count="133" />
        <bin index="3" start="0.003" width="0.001" count="206" />
        <bin index="4" start="0.004" width="0.001" count="17" />
        <bin index="5" start="0.005" width="0.001" count="8" />
        <bin index="6" start="0.006" width="0.001" count="5" />
        <bin index="7" start="0.007" width="0.001" count="1" />
        <bin index="8" start="0.008" width="0.001" count="8" />
        <bin index="9" start="0.009" width="0.001" count="6" />
        <bin index="10" start="0.01" width="0.001" count="1" />
        <bin index="11" start="0.011" width="0.001" count="7" />
        <bin index="12" start="0.012" width="0.001" count="1" />
        <bin index="13" start="0.013" width="0.001" count="4" />
        <bin index="14" start="0.014" width="0.001" count="5" />
        <bin index="15" start="0.015" width="0.001" count="3" />
        <bin index="16" start="0.016" width="0.001" count="6" />
        <bin index="17" start="0.017" width="0.001" count="3" />
        <bin index="18" start="0.018" width="0.001" count="1" />
        <bin index="19" start="0.019" width="0.001" count="9" />
        <bin index="20" start="0.02" width="0.001" count="2" />
        <bin index="21" start="0.021" width="0.001" count="6" />
        <bin index="22" start="0.022" width="0.001" count="1" />
        <bin index="23" start="0.023" width="0.001" count="13" />
        <bin index="24" start="0.024" width="0.001" count="10" />
        <bin index="25" start="0.025" width="0.001" count="3" />
        <bin index="26" start="0.026" width="0.001" count="4" />
        <bin index="27" start="0.027" width="0.001" count="9" />
        <bin index="28" start="0.028" width="0.001" count="7" />
        <bin index="29" start="0.029" width="0.001" count="1" />
        <bin index="30" start="0.03" width="0.001" count="4" />
        <bin index="31" start="0.031" width="0.001" count="3" />
        <bin index="32" start="0.032" width="0.001" count="1" />
        <bin index="33" start="0.033" width="0.001" count="3" />
        <bin index="34" start="0.034" width="0.001" count="8" />
        <bin index="35" start="0.035" width="0.001" count="5" />
        <bin index="36" start="0.036" width="0.001" count="4" />
        <bin index="37" start="0.037" width="0.001" count="3" />
        <bin index="38" start="0.038" width="0.001" count="1" />
        <bin index="39" start="0.039" width="0.001" count="1" />
        <bin index="41" start="0.041" width="0.001" count="2" />
        <bin index="42" start="0.042" width="0.001" count="1" />
        <bin index="43" start="0.043" width="0.001" count="1" />
        <bin index="44" start="0.044" width="0.001" count="1" />
        <bin index="46" start="0.046" width="0.001" count="1" />
        <bin index="47" start="0.047" width="0.001" count="2" />
        <bin index="48" start="0.048" width="0.001" count="1" />
        <bin index="49" start="0.049" width="0.001" count="1" />
        <bin index="50" start="0.05" width="0.001" count="1" />
        <bin index="52" start="0.052" width="0.001" count="1" />
        <bin index="54" start="0.054" width="0.001" count="2" />
        <bin index="57" start="0.057" width="0.001" count="1" />
        <bin index="65" start="0.065" width="0.001" count="1" />
        <bin index="69" start="0.069" width="0.001" count="1" />
        <bin index="70" start="0.07" width="0.001" count="1" />
        <bin index="73" start="0.073" width="0.001" count="1" />
        <bin index="78" start="0.078" width="0.001" count="1" />
        <bin index="79" start="0.079" width="0.001" count="1" />
        <bin index="80" start="0.08" width="0.001" count="1" />
        <bin index="83" start="0.083" width="0.001" count="1" />
        <bin index="85" start="0.085" width="0.001" count="1" />
      </jitterHistogram>
      <packetSizeHistogram nBins="3" >
        <bin index="2" start="40" width="20" count="19977" />
      </packetSizeHistogram>
      <flowInterruptionsHistogram nBins="8" >
        <bin index="2" start="0.5" width="0.25" count="6" />
        <bin index="3" start="0.75" width="0.25" count="6" />
        <bin index="4" start="1" width="0.25" count="4" />
        <bin index="6" start="1.5" width="0.25" count="1" />
        <bin index="7" start="1.75" width="0.25" count="1" />
      </flowInterruptionsHistogram>
    </Flow>
    <Flow flowId="4" timeFirstTxPacket="+105151038.0ns" timeFirstRxPacket="+110302076.0ns" timeLastTxPacket="+60005145993.0ns" timeLastRxPacket="+60099283398.0ns" delaySum="+387273700797.0ns" jitterSum="+15954898293.0ns" lastDelay="+94137405.0ns" txBytes="932364" rxBytes="932260" txPackets="17930" rxPackets="17928" lostPackets="2" timesForwarded="17928">
      <packetsDropped reasonCode="0" number="0" />
      <packetsDropped reasonCode="1" number="0" />
      <packetsDropped reasonCode="2" number="0" />
      <packetsDropped reasonCode="3" number="0" />
      <packetsDropped reasonCode="4" number="2" />
      <bytesDropped reasonCode="0" bytes="0" />
      <bytesDropped reasonCode="1" bytes="0" />
      <bytesDropped reasonCode="2" bytes="0" />
      <bytesDropped reasonCode="3" bytes="0" />
      <bytesDropped reasonCode="4" bytes="104" />
      <delayHistogram nBins="103" >
        <bin index="5" start="0.005" width="0.001" count="9355" />
        <bin index="6" start="0.006" width="0.001" count="307" />
        <bin index="7" start="0.007" width="0.001" count="131" />
        <bin index="8" start="0.008" width="0.001" count="129" />
        <bin index="9" start="0.009" width="0.001" count="136" />
        <bin index="10" start="0.01" width="0.001" count="207" />
        <bin index="11" start="0.011" width="0.001" count="129" />
        <bin index="12" start="0.012" width="0.001" count="141" />
        <bin index="13" start="0.013" width="0.001" count="130" />
        <bin index="14" start="0.014" width="0.001" count="141" />
        <bin index="15" start="0.015" width="0.001" count="190" />
        <bin index="16" start="0.016" width="0.001" count="126" />
        <bin index="17" start="0.017" width="0.001" count="133" />
        <bin index="18" start="0.018" width="0.001" count="130" />
        <bin index="19" start="0.019" width="0.001" count="176" />
        <bin index="20" start="0.02" width="0.001" count="163" />
        <bin index="21" start="0.021" width="0.001" count="127" />
        <bin index="22" start="0.022" width="0.001" count="135" />
        <bin index="23" start="0.023" width="0.001" count="130" />
        <bin index="24" start="0.024" width="0.001" count="199" />
        <bin index="25" start="0.025" width="0.001" count="128" />
        <bin index="26" start="0.026" width="0.001" count="131" />
        <bin index="27" start="0.027" width="0.001" count="135" />
        <bin index="28" start="0.028" width="0.001" count="127" />
        <bin index="29" start="0.029" width="0.001" count="170" />
        <bin index="30" start="0.03" width="0.001" count="112" />
        <bin index="31" start="0.031" width="0.001" count="114" />
        <bin index="32" start="0.032" width="0.001" count="111" />
        <bin index="33" start="0.033" width="0.001" count="130" />
        <bin index="34" start="0.034" width="0.001" count="93" />
        <bin index="35" start="0.035" width="0.001" count="94" />
        <bin index="36" start="0.036" width="0.001" count="87" />
        <bin index="37" start="0.037" width="0.001" count="99" />
        <bin index="38" start="0.038" width="0.001" count="131" />
        <bin index="39" start="0.039" width="0.001" count="75" />
        <bin index="40" start="0.04" width="0.001" count="76" />
        <bin index="41" start="0.041" width="0.001" count="82" />
        <bin index="42" start="0.042" width="0.001" count="78" />
        <bin index="43" start="0.043" width="0.001" count="92" />
        <bin index="44" start="0.044" width="0.001" count="61" />
        <bin index="45" start="0.045" width="0.001" count="62" />
        <bin index="46" start="0.046" width="0.001" count="79" />
        <bin index="47" start="0.047" width="0.001" count="95" />
        <bin index="48" start="0.048" width="0.001" count="83" />
        <bin index="49" start="0.049" width="0.001" count="89" />
        <bin index="50" start="0.05" width="0.001" count="92" />
        <bin index="51" start="0.051" width="0.001" count="100" />
        <bin index="52" start="0.052" width="0.001" count="92" />
        <bin index="53" start="0.053" width="0.001" count="94" />
        <bin index="54" start="0.054" width="0.001" count="99" />
        <bin index="55" start="0.055" width="0.001" count="96" />
        <bin index="56" start="0.056" width="0.001" count="129" />
        <bin index="57" start="0.057" width="0.001" count="98" />
        <bin index="58" start="0.058" width="0.001" count="110" />
        <bin index="59" start="0.059" width="0.001" count="121" />
        <bin index="60" start="0.06" width="0.001" count="93" />
        <bin index="61" start="0.061" width="0.001" count="124" />
        <bin index="62" start="0.062" width="0.001" count="85" />
        <bin index="63" start="0.063" width="0.001" count="92" />
        <bin index="64" start="0.064" width="0.001" count="97" />
        <bin index="65" start="0.065" width="0.001" count="80" />
        <bin index="66" start="0.066" width="0.001" count="103" />
        <bin index="67" start="0.067" width="0.001" count="137" />
        <bin index="68" start="0.068" width="0.001" count="91" />
        <bin index="69" start="0.069" width="0.001" count="144" />
        <bin index="70" start="0.07" width="0.001" count="98" />
        <bin index="71" start="0.071" width="0.001" count="73" />
        <bin index="72" start="0.072" width="0.001" count="83" />
        <bin index="73" start="0.073" width="0.001" count="57" />
        <bin index="74" start="0.074" width="0.001" count="78" />
        <bin index="75" start="0.075" width="0.001" count="58" />
        <bin index="76" start="0.076" width="0.001" count="65" />
        <bin index="77" start="0.077" width="0.001" count="71" />
        <bin index="78" start="0.078" width="0.001" count="43" />
        <bin index="79" start="0.079" width="0.001" count="58" />
        <bin index="80" start="0.08" width="0.001" count="44" />
        <bin index="81" start="0.081" width="0.001" count="57" />
        <bin index="82" start="0.082" width="0.001" count="40" />
        <bin index="83" start="0.083" width="0.001" count="48" />
        <bin index="84" start="0.084" width="0.001" count="31" />
        <bin index="85" start="0.085" width="0.001" count="51" />
        <bin index="86" start="0.086" width="0.001" count="13" />
        <bin index="87" start="0.087" width="0.001" count="15" />
        <bin index="89" start="0.089" width="0.001" count="3" />
        <bin index="91" start="0.091" width="0.001" count="1" />
        <bin index="92" start="0.092" width="0.001" count="1" />
        <bin index="94" start="0.094" width="0.001" count="2" />
        <bin index="96" start="0.096" width="0.001" count="1" />
        <bin index="97" start="0.097" width="0.001" count="1" />
        <bin index="98" start="0.098" width="0.001" count="1" />
        <bin index="99" start="0.099" width="0.001" count="3" />
        <bin index="101" start="0.101" width="0.001" count="3" />
        <bin index="102" start="0.102" width="0.001" count="3" />
      </delayHistogram>
      <jitterHistogram nBins="79" >
        <bin index="0" start="0" width="0.001" count="11509" />
        <bin index="1" start="0.001" width="0.001" count="5745" />
        <bin index="2" start="0.002" width="0.001" count="218" />
        <bin index="3" start="0.003" width="0.001" count="231" />
        <bin index="4" start="0.004" width="0.001" count="40" />
        <bin index="5" start="0.005" width="0.001" count="29" />
        <bin index="6" start="0.006" width="0.001" count="6" />
        <bin index="7" start="0.007" width="0.001" count="2" />
        <bin index="8" start="0.008" width="0.001" count="6" />
        <bin index="9" start="0.009" width="0.001" count="2" />
        <bin index="10" start="0.01" width="0.001" count="7" />
        <bin index="11" start="0.011" width="0.001" count="7" />
        <bin index="12" start="0.012" width="0.001" count="3" />
        <bin index="13" start="0.013" width="0.001" count="4" />
        <bin index="14" start="0.014" width="0.001" count="2" />
        <bin index="15" start="0.015" width="0.001" count="8" />
        <bin index="17" start="0.017" width="0.001" count="1" />
        <bin index="18" start="0.018" width="0.001" count="5" />
        <bin index="19" start="0.019" width="0.001" count="6" />
        <bin index="20" start="0.02" width="0.001" count="3" />
        <bin index="21" start="0.021" width="0.001" count="3" />
        <bin index="22" start="0.022" width="0.001" count="3" />
        <bin index="23" start="0.023" width="0.001" count="4" />
        <bin index="24" start="0.024" width="0.001" count="4" />
        <bin index="25" start="0.025" width="0.001" count="6" />
        <bin index="26" start="0.026" width="0.001" count="10" />
        <bin index="27" start="0.027" width="0.001" count="9" />
        <bin index="28" start="0.028" width="0.001" count="3" />
        <bin index="29" start="0.029" width="0.001" count="4" />
        <bin index="30" start="0.03" width="0.001" count="7" />
        <bin index="31" start="0.031" width="0.001" count="3" />
        <bin index="32" start="0.032" width="0.001" count="2" />
        <bin index="33" start="0.033" width="0.001" count="1" />
        <bin index="34" start="0.034" width="0.001" count="1" />
        <bin index="36" start="0.036" width="0.001" count="3" />
        <bin index="38" start="0.038" width="0.001" count="1" />
        <bin index="39" start="0.039" width="0.001" count="1" />
        <bin index="41" start="0.041" width="0.001" count="2" />
        <bin index="42" start="0.042" width="0.001" count="1" />
        <bin index="43" start="0.043" width="0.001" count="1" />
        <bin index="44" start="0.044" width="0.001" count="1" />
        <bin index="47" start="0.047" width="0.001" count="1" />
        <bin index="50" start="0.05" width="0.001" count="3" />
        <bin index="51" start="0.051" width="0.001" count="3" />
        <bin index="52" start="0.052" width="0.001" count="1" />
        <bin index="53" start="0.053" width="0.001" count="2" />
        <bin index="55" start="0.055" width="0.001" count="1" />
        <bin index="56" start="0.056" width="0.001" count="2" />
        <bin index="58" start="0.058" width="0.001" count="1" />
        <bin index="59" start="0.059" width="0.001" count="1" />
        <bin index="60" start="0.06" width="0.001" count="1" />
        <bin index="62" start="0.062" width="0.001" count="1" />
        <bin index="65" start="0.065" width="0.001" count="1" />
        <bin index="66" start="0.066" width="0.001" count="1" />
        <bin index="74" start="0.074" width="0.001" count="2" />
        <bin index="75" start="0.075" width="0.001" count="1" />
        <bin index="78" start="0.078" width="0.001" count="1" />
      </jitterHistogram>
      <packetSizeHistogram nBins="3" >
        <bin index="2" start="40" width="20" count="17928" />
      </packetSizeHistogram>
      <flowInterruptionsHistogram nBins="7" >
        <bin index="2" start="0.5" width="0.25" count="4" />
        <bin index="3" start="0.75" width="0.25" count="7" />
        <bin index="4" start="1" width="0.25" count="5" />
        <bin index="6" start="1.5" width="0.25" count="3" />
      </flowInterruptionsHistogram>
    </Flow>
  </FlowStats>
  <Ipv4FlowClassifier>
    <Flow flowId="4" sourceAddress="192.168.1.1" destinationAddress="192.168.2.2" protocol="6" sourcePort="8" destinationPort="49153" />
    <Flow flowId="1" sourceAddress="192.168.1.1" destinationAddress="192.168.2.2" protocol="6" sourcePort="49153" destinationPort="7" />
    <Flow flowId="3" sourceAddress="192.168.2.2" destinationAddress="192.168.1.1" protocol="6" sourcePort="7" destinationPort="49153" />
    <Flow flowId="2" sourceAddress="192.168.2.2" destinationAddress="192.168.1.1" protocol="6" sourcePort="49153" destinationPort="8" />
  </Ipv4FlowClassifier>
  <Ipv6FlowClassifier>
  </Ipv6FlowClassifier>
  <FlowProbes>
    <FlowProbe index="0">
      <FlowStats  flowId="1" packets="39472" bytes="41522548" delayFromFirstProbeSum="+0.0ns" >
      </FlowStats>
      <FlowStats  flowId="2" packets="35290" bytes="37122084" delayFromFirstProbeSum="+1962717541392.0ns" >
      </FlowStats>
      <FlowStats  flowId="3" packets="19977" bytes="1038808" delayFromFirstProbeSum="+398746714222.0ns" >
      </FlowStats>
      <FlowStats  flowId="4" packets="17930" bytes="932364" delayFromFirstProbeSum="+0.0ns" >
      </FlowStats>
    </FlowProbe>
    <FlowProbe index="1">
    </FlowProbe>
    <FlowProbe index="2">
      <FlowStats  flowId="1" packets="39472" bytes="41522548" delayFromFirstProbeSum="+12900290211.0ns" >
        <packetsDropped reasonCode="0" number="0" />
        <packetsDropped reasonCode="1" number="0" />
        <packetsDropped reasonCode="2" number="0" />
        <packetsDropped reasonCode="3" number="0" />
        <packetsDropped reasonCode="4" number="6" />
        <bytesDropped reasonCode="0" bytes="0" />
        <bytesDropped reasonCode="1" bytes="0" />
        <bytesDropped reasonCode="2" bytes="0" />
        <bytesDropped reasonCode="3" bytes="0" />
        <bytesDropped reasonCode="4" bytes="6312" />
      </FlowStats>
      <FlowStats  flowId="2" packets="35290" bytes="37122084" delayFromFirstProbeSum="+1956213128275.0ns" >
      </FlowStats>
      <FlowStats  flowId="3" packets="19977" bytes="1038808" delayFromFirstProbeSum="+396478705986.0ns" >
      </FlowStats>
      <FlowStats  flowId="4" packets="17930" bytes="932364" delayFromFirstProbeSum="+1900854153.0ns" >
        <packetsDropped reasonCode="0" number="0" />
        <packetsDropped reasonCode="1" number="0" />
        <packetsDropped reasonCode="2" number="0" />
        <packetsDropped reasonCode="3" number="0" />
        <packetsDropped reasonCode="4" number="2" />
        <bytesDropped reasonCode="0" bytes="0" />
        <bytesDropped reasonCode="1" bytes="0" />
        <bytesDropped reasonCode="2" bytes="0" />
        <bytesDropped reasonCode="3" bytes="0" />
        <bytesDropped reasonCode="4" bytes="104" />
      </FlowStats>
    </FlowProbe>
    <FlowProbe index="3">
    </FlowProbe>
    <FlowProbe index="4">
      <FlowStats  flowId="1" packets="39460" bytes="41509924" delayFromFirstProbeSum="+2112287837382.0ns" >
      </FlowStats>
      <FlowStats  flowId="2" packets="35301" bytes="37132656" delayFromFirstProbeSum="+0.0ns" >
        <packetsDropped reasonCode="0" number="0" />
        <packetsDropped reasonCode="1" number="0" />
        <packetsDropped reasonCode="2" number="0" />
        <packetsDropped reasonCode="3" number="0" />
        <packetsDropped reasonCode="4" number="10" />
        <bytesDropped reasonCode="0" bytes="0" />
        <bytesDropped reasonCode="1" bytes="0" />
        <bytesDropped reasonCode="2" bytes="0" />
        <bytesDropped reasonCode="3" bytes="0" />
        <bytesDropped reasonCode="4" bytes="10520" />
      </FlowStats>
      <FlowStats  flowId="3" packets="19982" bytes="1039068" delayFromFirstProbeSum="+0.0ns" >
        <packetsDropped reasonCode="0" number="0" />
        <packetsDropped reasonCode="1" number="0" />
        <packetsDropped reasonCode="2" number="0" />
        <packetsDropped reasonCode="3" number="0" />
        <packetsDropped reasonCode="4" number="2" />
        <bytesDropped reasonCode="0" bytes="0" />
        <bytesDropped reasonCode="1" bytes="0" />
        <bytesDropped reasonCode="2" bytes="0" />
        <bytesDropped reasonCode="3" bytes="0" />
        <bytesDropped reasonCode="4" bytes="104" />
      </FlowStats>
      <FlowStats  flowId="4" packets="17928" bytes="932260" delayFromFirstProbeSum="+387273700797.0ns" >
      </FlowStats>
    </FlowProbe>
    <FlowProbe index="5">
    </FlowProbe>
  </FlowProbes>
</FlowMonitor>
