<?xml version="1.0" ?>
<FlowMonitor>
  <FlowStats>
    <Flow flowId="1" timeFirstTxPacket="+100000000.0ns" timeFirstRxPacket="+105151038.0ns" timeLastTxPacket="+60044880364.0ns" timeLastRxPacket="+60099712043.0ns" delaySum="+1672940447382.0ns" jitterSum="+36565809449.0ns" lastDelay="+59890879.0ns" txBytes="38869404" rxBytes="38826272" txPackets="36950" rxPackets="36909" lostPackets="35" timesForwarded="36909">
      <packetsDropped reasonCode="0" number="0" />
      <packetsDropped reasonCode="1" number="0" />
      <packetsDropped reasonCode="2" number="0" />
      <packetsDropped reasonCode="3" number="0" />
      <packetsDropped reasonCode="4" number="35" />
      <bytesDropped reasonCode="0" bytes="0" />
      <bytesDropped reasonCode="1" bytes="0" />
      <bytesDropped reasonCode="2" bytes="0" />
      <bytesDropped reasonCode="3" bytes="0" />
      <bytesDropped reasonCode="4" bytes="36820" />
      <delayHistogram nBins="106" >
        <bin index="5" start="0.005" width="0.001" count="2" />
        <bin index="6" start="0.006" width="0.001" count="2059" />
        <bin index="7" start="0.007" width="0.001" count="509" />
        <bin index="8" start="0.008" width="0.001" count="464" />
        <bin index="9" start="0.009" width="0.001" count="429" />
        <bin index="10" start="0.01" width="0.001" count="727" />
        <bin index="11" start="0.011" width="0.001" count="473" />
        <bin index="12" start="0.012" width="0.001" count="393" />
        <bin index="13" start="0.013" width="0.001" count="392" />
        <bin index="14" start="0.014" width="0.001" count="418" />
        <bin index="15" start="0.015" width="0.001" count="691" />
        <bin index="16" start="0.016" width="0.001" count="394" />
        <bin index="17" start="0.017" width="0.001" count="359" />
        <bin index="18" start="0.018" width="0.001" count="347" />
        <bin index="19" start="0.019" width="0.001" count="354" />
        <bin index="20" start="0.02" width="0.001" count="592" />
        <bin index="21" start="0.021" width="0.001" count="366" />
        <bin index="22" start="0.022" width="0.001" count="368" />
        <bin index="23" start="0.023" width="0.001" count="416" />
        <bin index="24" start="0.024" width="0.001" count="604" />
        <bin index="25" start="0.025" width="0.001" count="398" />
        <bin index="26" start="0.026" width="0.001" count="453" />
        <bin index="27" start="0.027" width="0.001" count="348" />
        <bin index="28" start="0.028" width="0.001" count="340" />
        <bin index="29" start="0.029" width="0.001" count="453" />
        <bin index="30" start="0.03" width="0.001" count="324" />
        <bin index="31" start="0.031" width="0.001" count="551" />
        <bin index="32" start="0.032" width="0.001" count="389" />
        <bin index="33" start="0.033" width="0.001" count="424" />
        <bin index="34" start="0.034" width="0.001" count="436" />
        <bin index="35" start="0.035" width="0.001" count="329" />
        <bin index="36" start="0.036" width="0.001" count="269" />
        <bin index="37" start="0.037" width="0.001" count="397" />
        <bin index="38" start="0.038" width="0.001" count="312" />
        <bin index="39" start="0.039" width="0.001" count="271" />
        <bin index="40" start="0.04" width="0.001" count="260" />
        <bin index="41" start="0.041" width="0.001" count="328" />
        <bin index="42" start="0.042" width="0.001" count="711" />
        <bin index="43" start="0.043" width="0.001" count="428" />
        <bin index="44" start="0.044" width="0.001" count="258" />
        <bin index="45" start="0.045" width="0.001" count="207" />
        <bin index="46" start="0.046" width="0.001" count="278" />
        <bin index="47" start="0.047" width="0.001" count="645" />
        <bin index="48" start="0.048" width="0.001" count="462" />
        <bin index="49" start="0.049" width="0.001" count="355" />
        <bin index="50" start="0.05" width="0.001" count="291" />
        <bin index="51" start="0.051" width="0.001" count="200" />
        <bin index="52" start="0.052" width="0.001" count="245" />
        <bin index="53" start="0.053" width="0.001" count="676" />
        <bin index="54" start="0.054" width="0.001" count="505" />
        <bin index="55" start="0.055" width="0.001" count="546" />
        <bin index="56" start="0.056" width="0.001" count="514" />
        <bin index="57" start="0.057" width="0.001" count="456" />
        <bin index="58" start="0.058" width="0.001" count="790" />
        <bin index="59" start="0.059" width="0.001" count="465" />
        <bin index="60" start="0.06" width="0.001" count="368" />
        <bin index="61" start="0.061" width="0.001" count="320" />
        <bin index="62" start="0.062" width="0.001" count="269" />
        <bin index="63" start="0.063" width="0.001" count="446" />
        <bin index="64" start="0.064" width="0.001" count="214" />
        <bin index="65" start="0.065" width="0.001" count="221" />
        <bin index="66" start="0.066" width="0.001" count="494" />
        <bin index="67" start="0.067" width="0.001" count="590" />
        <bin index="68" start="0.068" width="0.001" count="476" />
        <bin index="69" start="0.069" width="0.001" count="791" />
        <bin index="70" start="0.07" width="0.001" count="364" />
        <bin index="71" start="0.071" width="0.001" count="393" />
        <bin index="72" start="0.072" width="0.001" count="381" />
        <bin index="73" start="0.073" width="0.001" count="459" />
        <bin index="74" start="0.074" width="0.001" count="812" />
        <bin index="75" start="0.075" width="0.001" count="677" />
        <bin index="76" start="0.076" width="0.001" count="587" />
        <bin index="77" start="0.077" width="0.001" count="538" />
        <bin index="78" start="0.078" width="0.001" count="531" />
        <bin index="79" start="0.079" width="0.001" count="347" />
        <bin index="80" start="0.08" width="0.001" count="837" />
        <bin index="81" start="0.081" width="0.001" count="568" />
        <bin index="82" start="0.082" width="0.001" count="475" />
        <bin index="83" start="0.083" width="0.001" count="359" />
        <bin index="84" start="0.084" width="0.001" count="250" />
        <bin index="85" start="0.085" width="0.001" count="137" />
        <bin index="86" start="0.086" width="0.001" count="26" />
        <bin index="87" start="0.087" width="0.001" count="5" />
        <bin index="88" start="0.088" width="0.001" count="3" />
        <bin index="89" start="0.089" width="0.001" count="5" />
        <bin index="90" start="0.09" width="0.001" count="6" />
        <bin index="91" start="0.091" width="0.001" count="13" />
        <bin index="92" start="0.092" width="0.001" count="12" />
        <bin index="93" start="0.093" width="0.001" count="14" />
        <bin index="94" start="0.094" width="0.001" count="6" />
        <bin index="95" start="0.095" width="0.001" count="3" />
        <bin index="96" start="0.096" width="0.001" count="14" />
        <bin index="97" start="0.097" width="0.001" count="15" />
        <bin index="98" start="0.098" width="0.001" count="13" />
        <bin index="99" start="0.099" width="0.001" count="14" />
        <bin index="100" start="0.1" width="0.001" count="13" />
        <bin index="101" start="0.101" width="0.001" count="15" />
        <bin index="102" start="0.102" width="0.001" count="18" />
        <bin index="103" start="0.103" width="0.001" count="15" />
        <bin index="104" start="0.104" width="0.001" count="120" />
        <bin index="105" start="0.105" width="0.001" count="4" />
      </delayHistogram>
      <jitterHistogram nBins="87" >
        <bin index="0" start="0" width="0.001" count="35287" />
        <bin index="1" start="0.001" width="0.001" count="290" />
        <bin index="2" start="0.002" width="0.001" count="926" />
        <bin index="3" start="0.003" width="0.001" count="91" />
        <bin index="4" start="0.004" width="0.001" count="123" />
        <bin index="5" start="0.005" width="0.001" count="20" />
        <bin index="6" start="0.006" width="0.001" count="5" />
        <bin index="7" start="0.007" width="0.001" count="6" />
        <bin index="8" start="0.008" width="0.001" count="2" />
        <bin index="9" start="0.009" width="0.001" count="7" />
        <bin index="10" start="0.01" width="0.001" count="4" />
        <bin index="11" start="0.011" width="0.001" count="2" />
        <bin index="13" start="0.013" width="0.001" count="2" />
        <bin index="14" start="0.014" width="0.001" count="2" />
        <bin index="15" start="0.015" width="0.001" count="2" />
        <bin index="16" start="0.016" width="0.001" count="1" />
        <bin index="17" start="0.017" width="0.001" count="2" />
        <bin index="18" start="0.018" width="0.001" count="5" />
        <bin index="19" start="0.019" width="0.001" count="2" />
        <bin index="20" start="0.02" width="0.001" count="7" />
        <bin index="21" start="0.021" width="0.001" count="7" />
        <bin index="22" start="0.022" width="0.001" count="13" />
        <bin index="23" start="0.023" width="0.001" count="7" />
        <bin index="24" start="0.024" width="0.001" count="7" />
        <bin index="25" start="0.025" width="0.001" count="8" />
        <bin index="26" start="0.026" width="0.001" count="4" />
        <bin index="27" start="0.027" width="0.001" count="7" />
        <bin index="28" start="0.028" width="0.001" count="5" />
        <bin index="29" start="0.029" width="0.001" count="6" />
        <bin index="30" start="0.03" width="0.001" count="6" />
        <bin index="31" start="0.031" width="0.001" count="5" />
        <bin index="32" start="0.032" width="0.001" count="7" />
        <bin index="33" start="0.033" width="0.001" count="7" />
        <bin index="34" start="0.034" width="0.001" count="1" />
        <bin index="35" start="0.035" width="0.001" count="3" />
        <bin index="36" start="0.036" width="0.001" count="7" />
        <bin index="37" start="0.037" width="0.001" count="3" />
        <bin index="39" start="0.039" width="0.001" count="1" />
        <bin index="40" start="0.04" width="0.001" count="1" />
        <bin index="41" start="0.041" width="0.001" count="3" />
        <bin index="43" start="0.043" width="0.001" count="2" />
        <bin index="46" start="0.046" width="0.001" count="1" />
        <bin index="48" start="0.048" width="0.001" count="1" />
        <bin index="50" start="0.05" width="0.001" count="1" />
        <bin index="51" start="0.051" width="0.001" count="1" />
        <bin index="52" start="0.052" width="0.001" count="2" />
        <bin index="58" start="0.058" width="0.001" count="1" />
        <bin index="60" start="0.06" width="0.001" count="1" />
        <bin index="69" start="0.069" width="0.001" count="1" />
        <bin index="73" start="0.073" width="0.001" count="2" />
        <bin index="86" start="0.086" width="0.001" count="1" />
      </jitterHistogram>
      <packetSizeHistogram nBins="53" >
        <bin index="2" start="40" width="20" count="2" />
        <bin index="52" start="1040" width="20" count="36907" />
      </packetSizeHistogram>
      <flowInterruptionsHistogram nBins="8" >
        <bin index="2" start="0.5" width="0.25" count="13" />
        <bin index="3" start="0.75" width="0.25" count="5" />
        <bin index="4" start="1" width="0.25" count="6" />
        <bin index="7" start="1.75" width="0.25" count="2" />
      </flowInterruptionsHistogram>
    </Flow>
    <Flow flowId="2" timeFirstTxPacket="+100000000.0ns" timeFirstRxPacket="+105151038.0ns" timeLastTxPacket="+60064297643.0ns" timeLastRxPacket="+60069445162.0ns" delaySum="+1758867609387.0ns" jitterSum="+34758872879.0ns" lastDelay="+5147519.0ns" txBytes="36910684" rxBytes="36882280" txPackets="35090" rxPackets="35063" lostPackets="27" timesForwarded="35063">
      <packetsDropped reasonCode="0" number="0" />
      <packetsDropped reasonCode="1" number="0" />
      <packetsDropped reasonCode="2" number="0" />
      <packetsDropped reasonCode="3" number="0" />
      <packetsDropped reasonCode="4" number="27" />
      <bytesDropped reasonCode="0" bytes="0" />
      <bytesDropped reasonCode="1" bytes="0" />
      <bytesDropped reasonCode="2" bytes="0" />
      <bytesDropped reasonCode="3" bytes="0" />
      <bytesDropped reasonCode="4" bytes="28404" />
      <delayHistogram nBins="105" >
        <bin index="5" start="0.005" width="0.001" count="4" />
        <bin index="6" start="0.006" width="0.001" count="1211" />
        <bin index="7" start="0.007" width="0.001" count="239" />
        <bin index="8" start="0.008" width="0.001" count="226" />
        <bin index="9" start="0.009" width="0.001" count="205" />
        <bin index="10" start="0.01" width="0.001" count="310" />
        <bin index="11" start="0.011" width="0.001" count="225" />
        <bin index="12" start="0.012" width="0.001" count="187" />
        <bin index="13" start="0.013" width="0.001" count="186" />
        <bin index="14" start="0.014" width="0.001" count="189" />
        <bin index="15" start="0.015" width="0.001" count="287" />
        <bin index="16" start="0.016" width="0.001" count="173" />
        <bin index="17" start="0.017" width="0.001" count="184" />
        <bin index="18" start="0.018" width="0.001" count="170" />
        <bin index="19" start="0.019" width="0.001" count="178" />
        <bin index="20" start="0.02" width="0.001" count="369" />
        <bin index="21" start="0.021" width="0.001" count="290" />
        <bin index="22" start="0.022" width="0.001" count="265" />
        <bin index="23" start="0.023" width="0.001" count="245" />
        <bin index="24" start="0.024" width="0.001" count="325" />
        <bin index="25" start="0.025" width="0.001" count="278" />
        <bin index="26" start="0.026" width="0.001" count="347" />
        <bin index="27" start="0.027" width="0.001" count="247" />
        <bin index="28" start="0.028" width="0.001" count="249" />
        <bin index="29" start="0.029" width="0.001" count="292" />
        <bin index="30" start="0.03" width="0.001" count="228" />
        <bin index="31" start="0.031" width="0.001" count="199" />
        <bin index="32" start="0.032" width="0.001" count="152" />
        <bin index="33" start="0.033" width="0.001" count="230" />
        <bin index="34" start="0.034" width="0.001" count="230" />
        <bin index="35" start="0.035" width="0.001" count="288" />
        <bin index="36" start="0.036" width="0.001" count="339" />
        <bin index="37" start="0.037" width="0.001" count="684" />
        <bin index="38" start="0.038" width="0.001" count="473" />
        <bin index="39" start="0.039" width="0.001" count="477" />
        <bin index="40" start="0.04" width="0.001" count="420" />
        <bin index="41" start="0.041" width="0.001" count="333" />
        <bin index="42" start="0.042" width="0.001" count="560" />
        <bin index="43" start="0.043" width="0.001" count="465" />
        <bin index="44" start="0.044" width="0.001" count="454" />
        <bin index="45" start="0.045" width="0.001" count="358" />
        <bin index="46" start="0.046" width="0.001" count="352" />
        <bin index="47" start="0.047" width="0.001" count="710" />
        <bin index="48" start="0.048" width="0.001" count="577" />
        <bin index="49" start="0.049" width="0.001" count="588" />
        <bin index="50" start="0.05" width="0.001" count="569" />
        <bin index="51" start="0.051" width="0.001" count="462" />
        <bin index="52" start="0.052" width="0.001" count="539" />
        <bin index="53" start="0.053" width="0.001" count="1069" />
        <bin index="54" start="0.054" width="0.001" count="725" />
        <bin index="55" start="0.055" width="0.001" count="756" />
        <bin index="56" start="0.056" width="0.001" count="602" />
        <bin index="57" start="0.057" width="0.001" count="572" />
        <bin index="58" start="0.058" width="0.001" count="901" />
        <bin index="59" start="0.059" width="0.001" count="754" />
        <bin index="60" start="0.06" width="0.001" count="883" />
        <bin index="61" start="0.061" width="0.001" count="750" />
        <bin index="62" start="0.062" width="0.001" count="639" />
        <bin index="63" start="0.063" width="0.001" count="674" />
        <bin index="64" start="0.064" width="0.001" count="629" />
        <bin index="65" start="0.065" width="0.001" count="731" />
        <bin index="66" start="0.066" width="0.001" count="631" />
        <bin index="67" start="0.067" width="0.001" count="593" />
        <bin index="68" start="0.068" width="0.001" count="574" />
        <bin index="69" start="0.069" width="0.001" count="420" />
        <bin index="70" start="0.07" width="0.001" count="864" />
        <bin index="71" start="0.071" width="0.001" count="881" />
        <bin index="72" start="0.072" width="0.001" count="619" />
        <bin index="73" start="0.073" width="0.001" count="687" />
        <bin index="74" start="0.074" width="0.001" count="1080" />
        <bin index="75" start="0.075" width="0.001" count="520" />
        <bin index="76" start="0.076" width="0.001" count="324" />
        <bin index="77" start="0.077" width="0.001" count="328" />
        <bin index="78" start="0.078" width="0.001" count="331" />
        <bin index="79" start="0.079" width="0.001" count="187" />
        <bin index="80" start="0.08" width="0.001" count="152" />
        <bin index="81" start="0.081" width="0.001" count="140" />
        <bin index="82" start="0.082" width="0.001" count="87" />
        <bin index="83" start="0.083" width="0.001" count="39" />
        <bin index="84" start="0.084" width="0.001" count="12" />
        <bin index="85" start="0.085" width="0.001" count="6" />
        <bin index="86" start="0.086" width="0.001" count="3" />
        <bin index="87" start="0.087" width="0.001" count="3" />
        <bin index="88" start="0.088" width="0.001" count="3" />
        <bin index="89" start="0.089" width="0.001" count="3" />
        <bin index="90" start="0.09" width="0.001" count="6" />
        <bin index="91" start="0.091" width="0.001" count="4" />
        <bin index="92" start="0.092" width="0.001" count="5" />
        <bin index="93" start="0.093" width="0.001" count="14" />
        <bin index="94" start="0.094" width="0.001" count="11" />
        <bin index="95" start="0.095" width="0.001" count="16" />
        <bin index="96" start="0.096" width="0.001" count="15" />
        <bin index="97" start="0.097" width="0.001" count="11" />
        <bin index="98" start="0.098" width="0.001" count="15" />
        <bin index="99" start="0.099" width="0.001" count="12" />
        <bin index="100" start="0.1" width="0.001" count="17" />
        <bin index="101" start="0.101" width="0.001" count="15" />
        <bin index="102" start="0.102" width="0.001" count="14" />
        <bin index="103" start="0.103" width="0.001" count="13" />
        <bin index="104" start="0.104" width="0.001" count="155" />
      </delayHistogram>
      <jitterHistogram nBins="86" >
        <bin index="0" start="0" width="0.001" count="32898" />
        <bin index="1" start="0.001" width="0.001" count="371" />
        <bin index="2" start="0.002" width="0.001" count="1269" />
        <bin index="3" start="0.003" width="0.001" count="137" />
        <bin index="4" start="0.004" width="0.001" count="220" />
        <bin index="5" start="0.005" width="0.001" count="29" />
        <bin index="6" start="0.006" width="0.001" count="9" />
        <bin index="7" start="0.007" width="0.001" count="8" />
        <bin index="9" start="0.009" width="0.001" count="7" />
        <bin index="10" start="0.01" width="0.001" count="7" />
        <bin index="11" start="0.011" width="0.001" count="2" />
        <bin index="12" start="0.012" width="0.001" count="1" />
        <bin index="13" start="0.013" width="0.001" count="2" />
        <bin index="14" start="0.014" width="0.001" count="5" />
        <bin index="15" start="0.015" width="0.001" count="2" />
        <bin index="16" start="0.016" width="0.001" count="6" />
        <bin index="17" start="0.017" width="0.001" count="4" />
        <bin index="18" start="0.018" width="0.001" count="4" />
        <bin index="19" start="0.019" width="0.001" count="2" />
        <bin index="20" start="0.02" width="0.001" count="2" />
        <bin index="21" start="0.021" width="0.001" count="1" />
        <bin index="22" start="0.022" width="0.001" count="7" />
        <bin index="23" start="0.023" width="0.001" count="10" />
        <bin index="24" start="0.024" width="0.001" count="1" />
        <bin index="25" start="0.025" width="0.001" count="3" />
        <bin index="26" start="0.026" width="0.001" count="3" />
        <bin index="27" start="0.027" width="0.001" count="11" />
        <bin index="28" start="0.028" width="0.001" count="6" />
        <bin index="29" start="0.029" width="0.001" count="3" />
        <bin index="32" start="0.032" width="0.001" count="1" />
        <bin index="33" start="0.033" width="0.001" count="1" />
        <bin index="35" start="0.035" width="0.001" count="3" />
        <bin index="36" start="0.036" width="0.001" count="3" />
        <bin index="37" start="0.037" width="0.001" count="1" />
        <bin index="38" start="0.038" width="0.001" count="2" />
        <bin index="39" start="0.039" width="0.001" count="1" />
        <bin index="40" start="0.04" width="0.001" count="3" />
        <bin index="43" start="0.043" width="0.001" count="2" />
        <bin index="49" start="0.049" width="0.001" count="2" />
        <bin index="52" start="0.052" width="0.001" count="1" />
        <bin index="53" start="0.053" width="0.001" count="1" />
        <bin index="54" start="0.054" width="0.001" count="1" />
        <bin index="55" start="0.055" width="0.001" count="1" />
        <bin index="56" start="0.056" width="0.001" count="1" />
        <bin index="57" start="0.057" width="0.001" count="1" />
        <bin index="61" start="0.061" width="0.001" count="1" />
        <bin index="62" start="0.062" width="0.001" count="1" />
        <bin index="64" start="0.064" width="0.001" count="1" />
        <bin index="65" start="0.065" width="0.001" count="2" />
        <bin index="68" start="0.068" width="0.001" count="1" />
        <bin index="85" start="0.085" width="0.001" count="1" />
      </jitterHistogram>
      <packetSizeHistogram nBins="53" >
        <bin index="2" start="40" width="20" count="4" />
        <bin index="52" start="1040" width="20" count="35059" />
      </packetSizeHistogram>
      <flowInterruptionsHistogram nBins="8" >
        <bin index="2" start="0.5" width="0.25" count="8" />
        <bin index="3" start="0.75" width="0.25" count="4" />
        <bin index="4" start="1" width="0.25" count="7" />
        <bin index="5" start="1.25" width="0.25" count="2" />
        <bin index="6" start="1.5" width="0.25" count="1" />
        <bin index="7" start="1.75" width="0.25" count="2" />
      </flowInterruptionsHistogram>
    </Flow>
    <Flow flowId="3" timeFirstTxPacket="+105151038.0ns" timeFirstRxPacket="+110302076.0ns" timeLastTxPacket="+60098868843.0ns" timeLastRxPacket="+60098957162.0ns" delaySum="+371623868132.0ns" jitterSum="+13082217279.0ns" lastDelay="+5147519.0ns" txBytes="977760" rxBytes="977292" txPackets="18803" rxPackets="18794" lostPackets="6" timesForwarded="18794">
      <packetsDropped reasonCode="0" number="0" />
      <packetsDropped reasonCode="1" number="0" />
      <packetsDropped reasonCode="2" number="0" />
      <packetsDropped reasonCode="3" number="0" />
      <packetsDropped reasonCode="4" number="6" />
      <bytesDropped reasonCode="0" bytes="0" />
      <bytesDropped reasonCode="1" bytes="0" />
      <bytesDropped reasonCode="2" bytes="0" />
      <bytesDropped reasonCode="3" bytes="0" />
      <bytesDropped reasonCode="4" bytes="312" />
      <delayHistogram nBins="83" >
        <bin index="5" start="0.005" width="0.001" count="11510" />
        <bin index="6" start="0.006" width="0.001" count="333" />
        <bin index="7" start="0.007" width="0.001" count="90" />
        <bin index="8" start="0.008" width="0.001" count="92" />
        <bin index="9" start="0.009" width="0.001" count="89" />
        <bin index="10" start="0.01" width="0.001" count="127" />
        <bin index="11" start="0.011" width="0.001" count="84" />
        <bin index="12" start="0.012" width="0.001" count="88" />
        <bin index="13" start="0.013" width="0.001" count="77" />
        <bin index="14" start="0.014" width="0.001" count="84" />
        <bin index="15" start="0.015" width="0.001" count="105" />
        <bin index="16" start="0.016" width="0.001" count="74" />
        <bin index="17" start="0.017" width="0.001" count="80" />
        <bin index="18" start="0.018" width="0.001" count="73" />
        <bin index="19" start="0.019" width="0.001" count="102" />
        <bin index="20" start="0.02" width="0.001" count="91" />
        <bin index="21" start="0.021" width="0.001" count="77" />
        <bin index="22" start="0.022" width="0.001" count="82" />
        <bin index="23" start="0.023" width="0.001" count="74" />
        <bin index="24" start="0.024" width="0.001" count="107" />
        <bin index="25" start="0.025" width="0.001" count="72" />
        <bin index="26" start="0.026" width="0.001" count="74" />
        <bin index="27" start="0.027" width="0.001" count="60" />
        <bin index="28" start="0.028" width="0.001" count="75" />
        <bin index="29" start="0.029" width="0.001" count="66" />
        <bin index="30" start="0.03" width="0.001" count="59" />
        <bin index="31" start="0.031" width="0.001" count="66" />
        <bin index="32" start="0.032" width="0.001" count="51" />
        <bin index="33" start="0.033" width="0.001" count="50" />
        <bin index="34" start="0.034" width="0.001" count="43" />
        <bin index="35" start="0.035" width="0.001" count="52" />
        <bin index="36" start="0.036" width="0.001" count="70" />
        <bin index="37" start="0.037" width="0.001" count="64" />
        <bin index="38" start="0.038" width="0.001" count="77" />
        <bin index="39" start="0.039" width="0.001" count="86" />
        <bin index="40" start="0.04" width="0.001" count="84" />
        <bin index="41" start="0.041" width="0.001" count="105" />
        <bin index="42" start="0.042" width="0.001" count="94" />
        <bin index="43" start="0.043" width="0.001" count="104" />
        <bin index="44" start="0.044" width="0.001" count="106" />
        <bin index="45" start="0.045" width="0.001" count="111" />
        <bin index="46" start="0.046" width="0.001" count="118" />
        <bin index="47" start="0.047" width="0.001" count="145" />
        <bin index="48" start="0.048" width="0.001" count="145" />
        <bin index="49" start="0.049" width="0.001" count="168" />
        <bin index="50" start="0.05" width="0.001" count="147" />
        <bin index="51" start="0.051" width="0.001" count="163" />
        <bin index="52" start="0.052" width="0.001" count="150" />
        <bin index="53" start="0.053" width="0.001" count="158" />
        <bin index="54" start="0.054" width="0.001" count="127" />
        <bin index="55" start="0.055" width="0.001" count="134" />
        <bin index="56" start="0.056" width="0.001" count="119" />
        <bin index="57" start="0.057" width="0.001" count="115" />
        <bin index="58" start="0.058" width="0.001" count="120" />
        <bin index="59" start="0.059" width="0.001" count="92" />
        <bin index="60" start="0.06" width="0.001" count="104" />
        <bin index="61" start="0.061" width="0.001" count="129" />
        <bin index="62" start="0.062" width="0.001" count="153" />
        <bin index="63" start="0.063" width="0.001" count="153" />
        <bin index="64" start="0.064" width="0.001" count="138" />
        <bin index="65" start="0.065" width="0.001" count="150" />
        <bin index="66" start="0.066" width="0.001" count="135" />
        <bin index="67" start="0.067" width="0.001" count="144" />
        <bin index="68" start="0.068" width="0.001" count="143" />
        <bin index="69" start="0.069" width="0.001" count="89" />
        <bin index="70" start="0.07" width="0.001" count="92" />
        <bin index="71" start="0.071" width="0.001" count="57" />
        <bin index="72" start="0.072" width="0.001" count="66" />
        <bin index="73" start="0.073" width="0.001" count="70" />
        <bin index="74" start="0.074" width="0.001" count="57" />
        <bin index="75" start="0.075" width="0.001" count="51" />
        <bin index="76" start="0.076" width="0.001" count="40" />
        <bin index="77" start="0.077" width="0.001" count="54" />
        <bin index="78" start="0.078" width="0.001" count="37" />
        <bin index="79" start="0.079" width="0.001" count="7" />
        <bin index="80" start="0.08" width="0.001" count="7" />
        <bin index="81" start="0.081" width="0.001" count="7" />
        <bin index="82" start="0.082" width="0.001" count="2" />
      </delayHistogram>
      <jitterHistogram nBins="74" >
        <bin index="0" start="0" width="0.001" count="13810" />
        <bin index="1" start="0.001" width="0.001" count="4533" />
        <bin index="2" start="0.002" width="0.001" count="122" />
        <bin index="3" start="0.003" width="0.001" count="152" />
        <bin index="4" start="0.004" width="0.001" count="14" />
        <bin index="5" start="0.005" width="0.001" count="5" />
        <bin index="6" start="0.006" width="0.001" count="8" />
        <bin index="7" start="0.007" width="0.001" count="1" />
        <bin index="8" start="0.008" width="0.001" count="3" />
        <bin index="9" start="0.009" width="0.001" count="7" />
        <bin index="10" start="0.01" width="0.001" count="3" />
        <bin index="11" start="0.011" width="0.001" count="2" />
        <bin index="12" start="0.012" width="0.001" count="1" />
        <bin index="13" start="0.013" width="0.001" count="4" />
        <bin index="14" start="0.014" width="0.001" count="3" />
        <bin index="15" start="0.015" width="0.001" count="3" />
        <bin index="16" start="0.016" width="0.001" count="1" />
        <bin index="17" start="0.017" width="0.001" count="2" />
        <bin index="18" start="0.018" width="0.001" count="1" />
        <bin index="19" start="0.019" width="0.001" count="6" />
        <bin index="20" start="0.02" width="0.001" count="9" />
        <bin index="21" start="0.021" width="0.001" count="10" />
        <bin index="22" start="0.022" width="0.001" count="7" />
        <bin index="23" start="0.023" width="0.001" count="6" />
        <bin index="24" start="0.024" width="0.001" count="6" />
        <bin index="25" start="0.025" width="0.001" count="5" />
        <bin index="26" start="0.026" width="0.001" count="7" />
        <bin index="27" start="0.027" width="0.001" count="2" />
        <bin index="28" start="0.028" width="0.001" count="5" />
        <bin index="29" start="0.029" width="0.001" count="5" />
        <bin index="30" start="0.03" width="0.001" count="5" />
        <bin index="31" start="0.031" width="0.001" count="1" />
        <bin index="32" start="0.032" width="0.001" count="9" />
        <bin index="33" start="0.033" width="0.001" count="7" />
        <bin index="34" start="0.034" width="0.001" count="4" />
        <bin index="35" start="0.035" width="0.001" count="1" />
        <bin index="36" start="0.036" width="0.001" count="4" />
        <bin index="37" start="0.037" width="0.001" count="2" />
        <bin index="39" start="0.039" width="0.001" count="2" />
        <bin index="40" start="0.04" width="0.001" count="1" />
        <bin index="41" start="0.041" width="0.001" count="1" />
        <bin index="42" start="0.042" width="0.001" count="1" />
        <bin index="43" start="0.043" width="0.001" count="1" />
        <bin index="44" start="0.044" width="0.001" count="1" />
        <bin index="46" start="0.046" width="0.001" count="1" />
        <bin index="49" start="0.049" width="0.001" count="1" />
        <bin index="53" start="0.053" width="0.001" count="1" />
        <bin index="56" start="0.056" width="0.001" count="2" />
        <bin index="62" start="0.062" width="0.001" count="1" />
        <bin index="65" start="0.065" width="0.001" count="2" />
        <bin index="68" start="0.068" width="0.001" count="1" />
        <bin index="73" start="0.073" width="0.001" count="1" />
      </jitterHistogram>
      <packetSizeHistogram nBins="3" >
        <bin index="2" start="40" width="20" count="18794" />
      </packetSizeHistogram>
      <flowInterruptionsHistogram nBins="8" >
        <bin index="2" start="0.5" width="0.25" count="7" />
        <bin index="3" start="0.75" width="0.25" count="7" />
        <bin index="4" start="1" width="0.25" count="3" />
        <bin index="7" start="1.75" width="0.25" count="2" />
      </flowInterruptionsHistogram>
    </Flow>
    <Flow flowId="4" timeFirstTxPacket="+105151038.0ns" timeFirstRxPacket="+110302076.0ns" timeLastTxPacket="+60005145993.0ns" timeLastRxPacket="+60064297643.0ns" delaySum="+291685261934.0ns" jitterSum="+13526340824.0ns" lastDelay="+59151650.0ns" txBytes="929036" rxBytes="928932" txPackets="17866" rxPackets="17864" lostPackets="2" timesForwarded="17864">
      <packetsDropped reasonCode="0" number="0" />
      <packetsDropped reasonCode="1" number="0" />
      <packetsDropped reasonCode="2" number="0" />
      <packetsDropped reasonCode="3" number="0" />
      <packetsDropped reasonCode="4" number="2" />
      <bytesDropped reasonCode="0" bytes="0" />
      <bytesDropped reasonCode="1" bytes="0" />
      <bytesDropped reasonCode="2" bytes="0" />
      <bytesDropped reasonCode="3" bytes="0" />
      <bytesDropped reasonCode="4" bytes="104" />
      <delayHistogram nBins="103" >
        <bin index="5" start="0.005" width="0.001" count="10549" />
        <bin index="6" start="0.006" width="0.001" count="619" />
        <bin index="7" start="0.007" width="0.001" count="175" />
        <bin index="8" start="0.008" width="0.001" count="163" />
        <bin index="9" start="0.009" width="0.001" count="168" />
        <bin index="10" start="0.01" width="0.001" count="239" />
        <bin index="11" start="0.011" width="0.001" count="147" />
        <bin index="12" start="0.012" width="0.001" count="135" />
        <bin index="13" start="0.013" width="0.001" count="142" />
        <bin index="14" start="0.014" width="0.001" count="143" />
        <bin index="15" start="0.015" width="0.001" count="248" />
        <bin index="16" start="0.016" width="0.001" count="139" />
        <bin index="17" start="0.017" width="0.001" count="144" />
        <bin index="18" start="0.018" width="0.001" count="133" />
        <bin index="19" start="0.019" width="0.001" count="204" />
        <bin index="20" start="0.02" width="0.001" count="163" />
        <bin index="21" start="0.021" width="0.001" count="128" />
        <bin index="22" start="0.022" width="0.001" count="125" />
        <bin index="23" start="0.023" width="0.001" count="135" />
        <bin index="24" start="0.024" width="0.001" count="204" />
        <bin index="25" start="0.025" width="0.001" count="139" />
        <bin index="26" start="0.026" width="0.001" count="110" />
        <bin index="27" start="0.027" width="0.001" count="117" />
        <bin index="28" start="0.028" width="0.001" count="113" />
        <bin index="29" start="0.029" width="0.001" count="136" />
        <bin index="30" start="0.03" width="0.001" count="103" />
        <bin index="31" start="0.031" width="0.001" count="76" />
        <bin index="32" start="0.032" width="0.001" count="82" />
        <bin index="33" start="0.033" width="0.001" count="137" />
        <bin index="34" start="0.034" width="0.001" count="64" />
        <bin index="35" start="0.035" width="0.001" count="74" />
        <bin index="36" start="0.036" width="0.001" count="69" />
        <bin index="37" start="0.037" width="0.001" count="72" />
        <bin index="38" start="0.038" width="0.001" count="94" />
        <bin index="39" start="0.039" width="0.001" count="61" />
        <bin index="40" start="0.04" width="0.001" count="49" />
        <bin index="41" start="0.041" width="0.001" count="67" />
        <bin index="42" start="0.042" width="0.001" count="57" />
        <bin index="43" start="0.043" width="0.001" count="66" />
        <bin index="44" start="0.044" width="0.001" count="41" />
        <bin index="45" start="0.045" width="0.001" count="45" />
        <bin index="46" start="0.046" width="0.001" count="53" />
        <bin index="47" start="0.047" width="0.001" count="38" />
        <bin index="48" start="0.048" width="0.001" count="47" />
        <bin index="49" start="0.049" width="0.001" count="50" />
        <bin index="50" start="0.05" width="0.001" count="53" />
        <bin index="51" start="0.051" width="0.001" count="63" />
        <bin index="52" start="0.052" width="0.001" count="54" />
        <bin index="53" start="0.053" width="0.001" count="61" />
        <bin index="54" start="0.054" width="0.001" count="67" />
        <bin index="55" start="0.055" width="0.001" count="50" />
        <bin index="56" start="0.056" width="0.001" count="56" />
        <bin index="57" start="0.057" width="0.001" count="60" />
        <bin index="58" start="0.058" width="0.001" count="64" />
        <bin index="59" start="0.059" width="0.001" count="53" />
        <bin index="60" start="0.06" width="0.001" count="45" />
        <bin index="61" start="0.061" width="0.001" count="39" />
        <bin index="62" start="0.062" width="0.001" count="47" />
        <bin index="63" start="0.063" width="0.001" count="55" />
        <bin index="64" start="0.064" width="0.001" count="65" />
        <bin index="65" start="0.065" width="0.001" count="62" />
        <bin index="66" start="0.066" width="0.001" count="36" />
        <bin index="67" start="0.067" width="0.001" count="59" />
        <bin index="68" start="0.068" width="0.001" count="60" />
        <bin index="69" start="0.069" width="0.001" count="56" />
        <bin index="70" start="0.07" width="0.001" count="66" />
        <bin index="71" start="0.071" width="0.001" count="80" />
        <bin index="72" start="0.072" width="0.001" count="84" />
        <bin index="73" start="0.073" width="0.001" count="103" />
        <bin index="74" start="0.074" width="0.001" count="68" />
        <bin index="75" start="0.075" width="0.001" count="84" />
        <bin index="76" start="0.076" width="0.001" count="73" />
        <bin index="77" start="0.077" width="0.001" count="23" />
        <bin index="78" start="0.078" width="0.001" count="16" />
        <bin index="79" start="0.079" width="0.001" count="28" />
        <bin index="80" start="0.08" width="0.001" count="21" />
        <bin index="81" start="0.081" width="0.001" count="13" />
        <bin index="82" start="0.082" width="0.001" count="8" />
        <bin index="83" start="0.083" width="0.001" count="7" />
        <bin index="84" start="0.084" width="0.001" count="7" />
        <bin index="85" start="0.085" width="0.001" count="3" />
        <bin index="86" start="0.086" width="0.001" count="3" />
        <bin index="89" start="0.089" width="0.001" count="1" />
        <bin index="91" start="0.091" width="0.001" count="2" />
        <bin index="92" start="0.092" width="0.001" count="2" />
        <bin index="94" start="0.094" width="0.001" count="1" />
        <bin index="99" start="0.099" width="0.001" count="1" />
        <bin index="101" start="0.101" width="0.001" count="1" />
        <bin index="102" start="0.102" width="0.001" count="1" />
      </delayHistogram>
      <jitterHistogram nBins="69" >
        <bin index="0" start="0" width="0.001" count="12481" />
        <bin index="1" start="0.001" width="0.001" count="4773" />
        <bin index="2" start="0.002" width="0.001" count="179" />
        <bin index="3" start="0.003" width="0.001" count="243" />
        <bin index="4" start="0.004" width="0.001" count="45" />
        <bin index="5" start="0.005" width="0.001" count="10" />
        <bin index="6" start="0.006" width="0.001" count="8" />
        <bin index="7" start="0.007" width="0.001" count="7" />
        <bin index="8" start="0.008" width="0.001" count="3" />
        <bin index="9" start="0.009" width="0.001" count="6" />
        <bin index="10" start="0.01" width="0.001" count="3" />
        <bin index="11" start="0.011" width="0.001" count="2" />
        <bin index="12" start="0.012" width="0.001" count="2" />
        <bin index="13" start="0.013" width="0.001" count="2" />
        <bin index="14" start="0.014" width="0.001" count="2" />
        <bin index="15" start="0.015" width="0.001" count="5" />
        <bin index="16" start="0.016" width="0.001" count="4" />
        <bin index="17" start="0.017" width="0.001" count="6" />
        <bin index="18" start="0.018" width="0.001" count="3" />
        <bin index="19" start="0.019" width="0.001" count="1" />
        <bin index="20" start="0.02" width="0.001" count="1" />
        <bin index="21" start="0.021" width="0.001" count="7" />
        <bin index="22" start="0.022" width="0.001" count="9" />
        <bin index="23" start="0.023" width="0.001" count="3" />
        <bin index="25" start="0.025" width="0.001" count="3" />
        <bin index="26" start="0.026" width="0.001" count="8" />
        <bin index="27" start="0.027" width="0.001" count="11" />
        <bin index="28" start="0.028" width="0.001" count="1" />
        <bin index="29" start="0.029" width="0.001" count="2" />
        <bin index="32" start="0.032" width="0.001" count="1" />
        <bin index="33" start="0.033" width="0.001" count="2" />
        <bin index="34" start="0.034" width="0.001" count="2" />
        <bin index="35" start="0.035" width="0.001" count="5" />
        <bin index="36" start="0.036" width="0.001" count="3" />
        <bin index="37" start="0.037" width="0.001" count="2" />
        <bin index="38" start="0.038" width="0.001" count="2" />
        <bin index="39" start="0.039" width="0.001" count="1" />
        <bin index="40" start="0.04" width="0.001" count="2" />
        <bin index="43" start="0.043" width="0.001" count="1" />
        <bin index="46" start="0.046" width="0.001" count="1" />
        <bin index="47" start="0.047" width="0.001" count="2" />
        <bin index="54" start="0.054" width="0.001" count="1" />
        <bin index="55" start="0.055" width="0.001" count="2" />
        <bin index="60" start="0.06" width="0.001" count="1" />
        <bin index="63" start="0.063" width="0.001" count="1" />
        <bin index="65" start="0.065" width="0.001" count="2" />
        <bin index="67" start="0.067" width="0.001" count="1" />
        <bin index="68" start="0.068" width="0.001" count="1" />
      </jitterHistogram>
      <packetSizeHistogram nBins="3" >
        <bin index="2" start="40" width="20" count="17864" />
      </packetSizeHistogram>
      <flowInterruptionsHistogram nBins="9" >
        <bin index="2" start="0.5" width="0.25" count="4" />
        <bin index="3" start="0.75" width="0.25" count="8" />
        <bin index="4" start="1" width="0.25" count="3" />
        <bin index="5" start="1.25" width="0.25" count="1" />
        <bin index="6" start="1.5" width="0.25" count="2" />
        <bin index="8" start="2" width="0.25" count="1" />
      </flowInterruptionsHistogram>
    </Flow>
  </FlowStats>
  <Ipv4FlowClassifier>
    <Flow flowId="4" sourceAddress="192.168.1.1" destinationAddress="192.168.2.2" protocol="6" sourcePort="8" destinationPort="49153" />
    <Flow flowId="1" sourceAddress="192.168.1.1" destinationAddress="192.168.2.2" protocol="6" sourcePort="49153" destinationPort="7" />
    <Flow flowId="3" sourceAddress="192.168.2.2" destinationAddress="192.168.1.1" protocol="6" sourcePort="7" destinationPort="49153" />
    <Flow flowId="2" sourceAddress="192.168.2.2" destinationAddress="192.168.1.1" protocol="6" sourcePort="49153" destinationPort="8" />
  </Ipv4FlowClassifier>
  <Ipv6FlowClassifier>
  </Ipv6FlowClassifier>
  <FlowProbes>
    <FlowProbe index="0">
      <FlowStats  flowId="1" packets="36950" bytes="38869404" delayFromFirstProbeSum="+0.0ns" >
      </FlowStats>
      <FlowStats  flowId="2" packets="35063" bytes="36882280" delayFromFirstProbeSum="+1758867609387.0ns" >
      </FlowStats>
      <FlowStats  flowId="3" packets="18794" bytes="977292" delayFromFirstProbeSum="+371623868132.0ns" >
      </FlowStats>
      <FlowStats  flowId="4" packets="17866" bytes="929036" delayFromFirstProbeSum="+0.0ns" >
      </FlowStats>
    </FlowProbe>
    <FlowProbe index="1">
    </FlowProbe>
    <FlowProbe index="2">
      <FlowStats  flowId="1" packets="36950" bytes="38869404" delayFromFirstProbeSum="+11548519320.0ns" >
        <packetsDropped reasonCode="0" number="0" />
        <packetsDropped reasonCode="1" number="0" />
        <packetsDropped reasonCode="2" number="0" />
        <packetsDropped reasonCode="3" number="0" />
        <packetsDropped reasonCode="4" number="35" />
        <bytesDropped reasonCode="0" bytes="0" />
        <bytesDropped reasonCode="1" bytes="0" />
        <bytesDropped reasonCode="2" bytes="0" />
        <bytesDropped reasonCode="3" bytes="0" />
        <bytesDropped reasonCode="4" bytes="36820" />
      </FlowStats>
      <FlowStats  flowId="2" packets="35063" bytes="36882280" delayFromFirstProbeSum="+1752405116911.0ns" >
      </FlowStats>
      <FlowStats  flowId="3" packets="18794" bytes="977292" delayFromFirstProbeSum="+369488366310.0ns" >
      </FlowStats>
      <FlowStats  flowId="4" packets="17866" bytes="929036" delayFromFirstProbeSum="+1896928528.0ns" >
        <packetsDropped reasonCode="0" number="0" />
        <packetsDropped reasonCode="1" number="0" />
        <packetsDropped reasonCode="2" number="0" />
        <packetsDropped reasonCode="3" number="0" />
        <packetsDropped reasonCode="4" number="2" />
        <bytesDropped reasonCode="0" bytes="0" />
        <bytesDropped reasonCode="1" bytes="0" />
        <bytesDropped reasonCode="2" bytes="0" />
        <bytesDropped reasonCode="3" bytes="0" />
        <bytesDropped reasonCode="4" bytes="104" />
      </FlowStats>
    </FlowProbe>
    <FlowProbe index="3">
    </FlowProbe>
    <FlowProbe index="4">
      <FlowStats  flowId="1" packets="36909" bytes="38826272" delayFromFirstProbeSum="+1672940447382.0ns" >
      </FlowStats>
      <FlowStats  flowId="2" packets="35090" bytes="36910684" delayFromFirstProbeSum="+0.0ns" >
        <packetsDropped reasonCode="0" number="0" />
        <packetsDropped reasonCode="1" number="0" />
        <packetsDropped reasonCode="2" number="0" />
        <packetsDropped reasonCode="3" number="0" />
        <packetsDropped reasonCode="4" number="27" />
        <bytesDropped reasonCode="0" bytes="0" />
        <bytesDropped reasonCode="1" bytes="0" />
        <bytesDropped reasonCode="2" bytes="0" />
        <bytesDropped reasonCode="3" bytes="0" />
        <bytesDropped reasonCode="4" bytes="28404" />
      </FlowStats>
      <FlowStats  flowId="3" packets="18803" bytes="977760" delayFromFirstProbeSum="+0.0ns" >
        <packetsDropped reasonCode="0" number="0" />
        <packetsDropped reasonCode="1" number="0" />
        <packetsDropped reasonCode="2" number="0" />
        <packetsDropped reasonCode="3" number="0" />
        <packetsDropped reasonCode="4" number="6" />
        <bytesDropped reasonCode="0" bytes="0" />
        <bytesDropped reasonCode="1" bytes="0" />
        <bytesDropped reasonCode="2" bytes="0" />
        <bytesDropped reasonCode="3" bytes="0" />
        <bytesDropped reasonCode="4" bytes="312" />
      </FlowStats>
      <FlowStats  flowId="4" packets="17864" bytes="928932" delayFromFirstProbeSum="+291685261934.0ns" >
      </FlowStats>
    </FlowProbe>
    <FlowProbe index="5">
    </FlowProbe>
  </FlowProbes>
</FlowMonitor>
